// Generated from the supplied PixelPop wordmark. Small PNGs served by the settings site.
#include "LogoAssets.h"

const uint8_t LOGO_MARK_PNG[] PROGMEM = {
  0x89,0x50,0x4E,0x47,0x0D,0x0A,0x1A,0x0A,0x00,0x00,0x00,0x0D,0x49,0x48,0x44,0x52,
  0x00,0x00,0x01,0x40,0x00,0x00,0x00,0x74,0x08,0x02,0x00,0x00,0x00,0x7B,0x6E,0x7C,
  0xF2,0x00,0x00,0x01,0x50,0x69,0x43,0x43,0x50,0x69,0x63,0x63,0x00,0x00,0x28,0x91,
  0x7D,0x90,0xB1,0x4B,0xC3,0x50,0x10,0xC6,0xBF,0x56,0xA5,0xA0,0x75,0x10,0x1D,0x1C,
  0x1C,0x32,0x89,0x43,0x94,0x92,0x0A,0xBA,0x38,0xB4,0x15,0x44,0x71,0x08,0x55,0xC1,
  0xEA,0x94,0xBE,0xA6,0xA9,0x90,0xC6,0x47,0x92,0x22,0x05,0x37,0xFF,0x81,0x82,0xFF,
  0x81,0x0A,0xCE,0x6E,0x16,0x87,0x3A,0x3A,0x38,0x08,0xA2,0x93,0xE8,0xE6,0xE4,0xA4,
  0xE0,0xA2,0xE5,0x79,0x2F,0x89,0xA4,0x22,0x7A,0x8F,0xE3,0x7E,0x7C,0xEF,0xBB,0xE3,
  0x38,0x20,0x39,0x6E,0x70,0x6E,0xF7,0x03,0xA8,0x3B,0xBE,0x5B,0x5C,0xCA,0x2B,0x9B,
  0xA5,0x2D,0x25,0xF5,0x8C,0x04,0xBD,0x20,0x0C,0xE6,0xF1,0x9C,0xAE,0xAF,0x4A,0xFE,
  0xAE,0x3F,0xE3,0xFD,0x3E,0xF4,0xDE,0x4E,0xCB,0x59,0xBF,0xFF,0xFF,0x8D,0xC1,0x8A,
  0xE9,0x31,0xAA,0x9F,0x94,0x19,0xC6,0x5D,0x1F,0x48,0xA8,0xC4,0xFA,0x9E,0xCF,0x25,
  0xEF,0x13,0x8F,0xB9,0xB4,0x14,0x71,0x4B,0xB2,0x15,0xF2,0x89,0xE4,0x72,0xC8,0xE7,
  0x81,0x67,0xBD,0x58,0x20,0xBE,0x26,0x56,0x58,0xCD,0xA8,0x10,0xBF,0x10,0xAB,0xE5,
  0x1E,0xDD,0xEA,0xE1,0xBA,0xDD,0x60,0xD1,0x0E,0x72,0xFB,0xB4,0xE9,0x6C,0xAC,0xC9,
  0x39,0x94,0x13,0x58,0xC4,0x0E,0x3C,0x70,0xD8,0x30,0xD0,0x84,0x02,0x1D,0xD9,0x3F,
  0xFC,0xB3,0x81,0xBF,0x80,0x5D,0x72,0x37,0xE1,0x52,0x9F,0x85,0x1A,0x7C,0xEA,0xC9,
  0x91,0x22,0x27,0x98,0xC4,0xCB,0x70,0xC0,0x30,0x03,0x95,0x58,0x43,0x86,0x52,0x93,
  0x77,0x8E,0xEE,0x77,0x17,0xDD,0x4F,0x8D,0xB5,0x83,0x27,0x60,0xA1,0x23,0x84,0xB8,
  0x88,0xB5,0x95,0x0E,0x70,0x36,0x47,0x27,0x6B,0xC7,0xDA,0xD4,0x3C,0x30,0x32,0x04,
  0x5C,0xB5,0xB9,0xE1,0x1A,0x81,0xD4,0x47,0x99,0xAC,0x56,0x81,0xD7,0x53,0x60,0xB8,
  0x04,0x8C,0xDE,0x50,0xCF,0xB6,0x57,0xCD,0x6A,0xE1,0xF6,0xE9,0x3C,0x30,0xF0,0x28,
  0xC4,0xDB,0x24,0x90,0x3A,0x04,0xBA,0x2D,0x21,0x3E,0x8E,0x84,0xE8,0x1E,0x53,0xF3,
  0x03,0x70,0xE9,0x7C,0x01,0x03,0xA7,0x62,0x13,0x1E,0x06,0x28,0xAD,0x00,0x00,0x00,
  0x20,0x63,0x48,0x52,0x4D,0x00,0x00,0x7A,0x26,0x00,0x00,0x80,0x84,0x00,0x00,0xFA,
  0x00,0x00,0x00,0x80,0xE8,0x00,0x00,0x75,0x30,0x00,0x00,0xEA,0x60,0x00,0x00,0x3A,
  0x98,0x00,0x00,0x17,0x70,0x9C,0xBA,0x51,0x3C,0x00,0x00,0x00,0xE0,0x65,0x58,0x49,
  0x66,0x4D,0x4D,0x00,0x2A,0x00,0x00,0x00,0x08,0x00,0x06,0x01,0x12,0x00,0x03,0x00,
  0x00,0x00,0x01,0x00,0x01,0x00,0x00,0x01,0x1A,0x00,0x05,0x00,0x00,0x00,0x01,0x00,
  0x00,0x00,0x56,0x01,0x1B,0x00,0x05,0x00,0x00,0x00,0x01,0x00,0x00,0x00,0x5E,0x01,
  0x28,0x00,0x03,0x00,0x00,0x00,0x01,0x00,0x02,0x00,0x00,0x02,0x13,0x00,0x03,0x00,
  0x00,0x00,0x01,0x00,0x01,0x00,0x00,0x87,0x69,0x00,0x04,0x00,0x00,0x00,0x01,0x00,
  0x00,0x00,0x66,0x00,0x00,0x00,0x00,0x00,0x00,0x00,0x90,0x00,0x00,0x00,0x01,0x00,
  0x00,0x00,0x90,0x00,0x00,0x00,0x01,0x00,0x08,0x90,0x00,0x00,0x07,0x00,0x00,0x00,
  0x04,0x30,0x32,0x32,0x31,0x91,0x01,0x00,0x07,0x00,0x00,0x00,0x04,0x01,0x02,0x03,
  0x00,0x92,0x86,0x00,0x07,0x00,0x00,0x00,0x12,0x00,0x00,0x00,0xCC,0xA0,0x00,0x00,
  0x07,0x00,0x00,0x00,0x04,0x30,0x31,0x30,0x30,0xA0,0x01,0x00,0x03,0x00,0x00,0x00,
  0x01,0x00,0x01,0x00,0x00,0xA0,0x02,0x00,0x04,0x00,0x00,0x00,0x01,0x00,0x00,0x07,
  0x4E,0xA0,0x03,0x00,0x04,0x00,0x00,0x00,0x01,0x00,0x00,0x02,0xBA,0xA4,0x06,0x00,
  0x03,0x00,0x00,0x00,0x01,0x00,0x00,0x00,0x00,0x00,0x00,0x00,0x00,0x41,0x53,0x43,
  0x49,0x49,0x00,0x00,0x00,0x53,0x63,0x72,0x65,0x65,0x6E,0x73,0x68,0x6F,0x74,0x00,
  0x00,0x80,0xFC,0x8F,0xDC,0x00,0x00,0x00,0x06,0x62,0x4B,0x47,0x44,0x00,0xFF,0x00,
  0xFF,0x00,0xFF,0xA0,0xBD,0xA7,0x93,0x00,0x00,0x00,0x09,0x70,0x48,0x59,0x73,0x00,
  0x00,0x16,0x25,0x00,0x00,0x16,0x25,0x01,0x49,0x52,0x24,0xF0,0x00,0x00,0x00,0x07,
  0x74,0x49,0x4D,0x45,0x07,0xEA,0x09,0x16,0x11,0x1D,0x1D,0x82,0xE7,0x31,0xF4,0x00,
  0x00,0x01,0x88,0x7A,0x54,0x58,0x74,0x52,0x61,0x77,0x20,0x70,0x72,0x6F,0x66,0x69,
  0x6C,0x65,0x20,0x74,0x79,0x70,0x65,0x20,0x69,0x63,0x63,0x00,0x00,0x38,0x8D,0x95,
  0x53,0x5B,0x6E,0xC4,0x30,0x08,0xFC,0xF7,0x29,0x7A,0x04,0x0C,0x06,0x92,0xE3,0xF8,
  0x15,0xA9,0xF7,0xBF,0x40,0x31,0xB6,0xA3,0xB4,0xDA,0xAD,0xB4,0x48,0x91,0x13,0xC0,
  0x33,0x30,0x90,0xF0,0x5D,0x6B,0xF8,0x1A,0xC6,0x24,0x01,0x86,0x61,0x3C,0x24,0x2A,
  0x28,0x48,0x85,0xE4,0x1E,0x90,0x26,0x5D,0x93,0x22,0x63,0xD2,0x84,0x08,0x7C,0xF0,
  0xC9,0x19,0x01,0xB4,0x8B,0x85,0xE3,0x7A,0x6E,0x0B,0x12,0x85,0x94,0x14,0x52,0x64,
  0x60,0x48,0x75,0x07,0xFE,0x7E,0xFF,0x67,0x97,0xB1,0x86,0x27,0x72,0x23,0x6C,0x77,
  0x65,0x1F,0x5A,0xF8,0x30,0x3F,0x4B,0x12,0x56,0x12,0x5A,0xB5,0x2C,0x42,0xB2,0xD6,
  0xAC,0x2D,0x45,0x9D,0xCA,0x44,0x5C,0x01,0x06,0x55,0x53,0x08,0xB6,0x5F,0x97,0x3F,
  0x0E,0xD5,0x5C,0xAD,0xF9,0x79,0xC2,0xF6,0x07,0xD1,0x67,0x20,0xA7,0x1D,0x90,0x5F,
  0x17,0xCA,0xF1,0x00,0x4A,0x36,0x80,0x59,0x51,0xAC,0x8B,0x00,0x47,0x45,0x62,0x13,
  0x93,0xC5,0xDC,0x77,0xA0,0xCA,0x9B,0x0B,0x46,0xFC,0x06,0xA8,0x49,0x55,0xDE,0x3D,
  0xDF,0xB6,0x07,0x50,0x85,0xA5,0x33,0x33,0xED,0x8A,0xD6,0x69,0x00,0xC9,0xDE,0xC5,
  0x7A,0x53,0x8B,0xE9,0x10,0x7B,0x4C,0x48,0xEC,0xA2,0x9E,0x03,0x79,0xE8,0x63,0xE2,
  0xD1,0x67,0x04,0x94,0xC2,0x83,0xC1,0x9C,0x72,0x0D,0xF4,0x09,0xAA,0x38,0x19,0xC5,
  0x1C,0x62,0x1A,0x0D,0xE1,0x07,0x51,0x8A,0x2B,0x07,0x56,0x11,0xEC,0xAD,0x59,0x60,
  0x24,0x77,0x7B,0x0C,0x08,0xFB,0xD0,0x67,0x5E,0x20,0x1C,0x63,0x5D,0x27,0xDE,0x9B,
  0xFD,0x30,0x5B,0x44,0xDE,0x55,0x7A,0x45,0xB6,0x88,0xF5,0x55,0xE2,0x41,0xED,0xF2,
  0xC2,0x5B,0xB9,0xA6,0x95,0xF2,0x2A,0x2F,0xE5,0x72,0x39,0x50,0x89,0xA4,0xEE,0xC9,
  0xE5,0x7C,0x95,0x88,0x07,0xF9,0xF8,0x63,0x84,0xE2,0x02,0x1D,0xE5,0xB4,0xED,0x8F,
  0x8A,0x72,0xFF,0x15,0x03,0x68,0x0B,0x8A,0x62,0xE6,0x25,0x63,0x9E,0xC0,0x8D,0x7D,
  0xE3,0x22,0xB5,0x99,0x91,0xB9,0xD8,0x56,0x0B,0x11,0x3D,0x99,0x22,0xD4,0x84,0x53,
  0x6C,0x6E,0xDD,0x2B,0x27,0x74,0x20,0xD3,0xDA,0xC1,0xAF,0x76,0xC2,0xEC,0x28,0xA3,
  0x9F,0x2D,0x4F,0x52,0x6A,0xBE,0x3F,0xD5,0xB4,0x0D,0x3F,0xF0,0x9D,0xE8,0xB0,0x6E,
  0x96,0x77,0x93,0x00,0x00,0x00,0x25,0x74,0x45,0x58,0x74,0x64,0x61,0x74,0x65,0x3A,
  0x63,0x72,0x65,0x61,0x74,0x65,0x00,0x32,0x30,0x32,0x36,0x2D,0x30,0x39,0x2D,0x32,
  0x32,0x54,0x31,0x37,0x3A,0x32,0x38,0x3A,0x33,0x31,0x2B,0x30,0x30,0x3A,0x30,0x30,
  0x70,0x8D,0x06,0x47,0x00,0x00,0x00,0x25,0x74,0x45,0x58,0x74,0x64,0x61,0x74,0x65,
  0x3A,0x6D,0x6F,0x64,0x69,0x66,0x79,0x00,0x32,0x30,0x32,0x36,0x2D,0x30,0x39,0x2D,
  0x32,0x32,0x54,0x31,0x37,0x3A,0x32,0x38,0x3A,0x31,0x31,0x2B,0x30,0x30,0x3A,0x30,
  0x30,0x43,0xF5,0xB9,0x86,0x00,0x00,0x00,0x28,0x74,0x45,0x58,0x74,0x64,0x61,0x74,
  0x65,0x3A,0x74,0x69,0x6D,0x65,0x73,0x74,0x61,0x6D,0x70,0x00,0x32,0x30,0x32,0x36,
  0x2D,0x30,0x39,0x2D,0x32,0x32,0x54,0x31,0x37,0x3A,0x32,0x39,0x3A,0x32,0x39,0x2B,
  0x30,0x30,0x3A,0x30,0x30,0x46,0x42,0xBA,0xE3,0x00,0x00,0x00,0x11,0x74,0x45,0x58,
  0x74,0x65,0x78,0x69,0x66,0x3A,0x43,0x6F,0x6C,0x6F,0x72,0x53,0x70,0x61,0x63,0x65,
  0x00,0x31,0x0F,0x9B,0x02,0x49,0x00,0x00,0x00,0x20,0x74,0x45,0x58,0x74,0x65,0x78,
  0x69,0x66,0x3A,0x43,0x6F,0x6D,0x70,0x6F,0x6E,0x65,0x6E,0x74,0x73,0x43,0x6F,0x6E,
  0x66,0x69,0x67,0x75,0x72,0x61,0x74,0x69,0x6F,0x6E,0x00,0x2E,0x2E,0x2E,0x6A,0xF2,
  0xA1,0x64,0x00,0x00,0x00,0x13,0x74,0x45,0x58,0x74,0x65,0x78,0x69,0x66,0x3A,0x45,
  0x78,0x69,0x66,0x4F,0x66,0x66,0x73,0x65,0x74,0x00,0x31,0x30,0x32,0x73,0x42,0x29,
  0xA7,0x00,0x00,0x00,0x15,0x74,0x45,0x58,0x74,0x65,0x78,0x69,0x66,0x3A,0x45,0x78,
  0x69,0x66,0x56,0x65,0x72,0x73,0x69,0x6F,0x6E,0x00,0x30,0x32,0x32,0x31,0xE4,0x5C,
  0x35,0x2D,0x00,0x00,0x00,0x19,0x74,0x45,0x58,0x74,0x65,0x78,0x69,0x66,0x3A,0x46,
  0x6C,0x61,0x73,0x68,0x50,0x69,0x78,0x56,0x65,0x72,0x73,0x69,0x6F,0x6E,0x00,0x30,
  0x31,0x30,0x30,0x12,0xD4,0x28,0xAC,0x00,0x00,0x00,0x19,0x74,0x45,0x58,0x74,0x65,
  0x78,0x69,0x66,0x3A,0x50,0x69,0x78,0x65,0x6C,0x58,0x44,0x69,0x6D,0x65,0x6E,0x73,
  0x69,0x6F,0x6E,0x00,0x31,0x38,0x37,0x30,0x86,0xCC,0x37,0xFB,0x00,0x00,0x00,0x18,
  0x74,0x45,0x58,0x74,0x65,0x78,0x69,0x66,0x3A,0x50,0x69,0x78,0x65,0x6C,0x59,0x44,
  0x69,0x6D,0x65,0x6E,0x73,0x69,0x6F,0x6E,0x00,0x36,0x39,0x38,0x01,0x6B,0x84,0xE5,
  0x00,0x00,0x00,0x17,0x74,0x45,0x58,0x74,0x65,0x78,0x69,0x66,0x3A,0x53,0x63,0x65,
  0x6E,0x65,0x43,0x61,0x70,0x74,0x75,0x72,0x65,0x54,0x79,0x70,0x65,0x00,0x30,0x22,
  0xB4,0x31,0x63,0x00,0x00,0x00,0x16,0x74,0x45,0x58,0x74,0x65,0x78,0x69,0x66,0x3A,
  0x55,0x73,0x65,0x72,0x43,0x6F,0x6D,0x6D,0x65,0x6E,0x74,0x00,0x41,0x53,0x43,0x49,
  0x49,0xB4,0xE3,0x5A,0xDE,0x00,0x00,0x00,0x17,0x74,0x45,0x58,0x74,0x65,0x78,0x69,
  0x66,0x3A,0x59,0x43,0x62,0x43,0x72,0x50,0x6F,0x73,0x69,0x74,0x69,0x6F,0x6E,0x69,
  0x6E,0x67,0x00,0x31,0xAC,0x0F,0x80,0x63,0x00,0x00,0x00,0x28,0x74,0x45,0x58,0x74,
  0x69,0x63,0x63,0x3A,0x63,0x6F,0x70,0x79,0x72,0x69,0x67,0x68,0x74,0x00,0x43,0x6F,
  0x70,0x79,0x72,0x69,0x67,0x68,0x74,0x20,0x41,0x70,0x70,0x6C,0x65,0x20,0x49,0x6E,
  0x63,0x2E,0x2C,0x20,0x32,0x30,0x32,0x32,0xE4,0xB4,0xBF,0x9C,0x00,0x00,0x00,0x1A,
  0x74,0x45,0x58,0x74,0x69,0x63,0x63,0x3A,0x64,0x65,0x73,0x63,0x72,0x69,0x70,0x74,
  0x69,0x6F,0x6E,0x00,0x44,0x69,0x73,0x70,0x6C,0x61,0x79,0x20,0x50,0x33,0x8F,0x79,
  0xBB,0xBC,0x00,0x00,0x00,0x01,0x6F,0x72,0x4E,0x54,0x01,0xCF,0xA2,0x77,0x9A,0x00,
  0x00,0x30,0x9B,0x49,0x44,0x41,0x54,0x78,0xDA,0xED,0x5D,0x67,0x78,0x54,0xC5,0x1A,
  0x9E,0x53,0xB6,0xD7,0x24,0x9B,0x06,0x24,0x24,0x01,0xA5,0x4A,0x8F,0x48,0x13,0x90,
  0x96,0x50,0x45,0x9A,0x80,0x46,0x6A,0x28,0xEA,0x05,0xBD,0x5E,0x0B,0x02,0x0A,0xEA,
  0x95,0xAA,0x40,0x44,0x20,0x14,0x29,0xA2,0x20,0x28,0x3D,0x28,0x08,0x02,0x2A,0x18,
  0x2E,0x84,0xA2,0x08,0xA1,0x04,0x22,0x21,0xA4,0x67,0x7B,0x76,0xF7,0xB4,0xFB,0xE3,
  0x4B,0x8E,0x4B,0x12,0xB2,0x67,0x93,0x4D,0x93,0xF3,0x3E,0x3C,0x3C,0xC9,0x66,0xCF,
  0x9C,0x99,0x6F,0xE6,0x9D,0xF2,0xB5,0xC1,0x38,0x8E,0x43,0x22,0x44,0x88,0xA8,0x9F,
  0xC0,0x6B,0xBB,0x02,0x22,0x44,0x88,0xA8,0x3C,0x44,0x02,0x8B,0x10,0x51,0x8F,0x21,
  0x12,0x58,0x84,0x88,0x7A,0x0C,0x91,0xC0,0x22,0x44,0xD4,0x63,0x88,0x04,0x16,0x21,
  0xA2,0x1E,0x43,0x24,0xB0,0x08,0x11,0xF5,0x18,0x22,0x81,0x45,0x88,0xA8,0xC7,0x20,
  0x6B,0xBB,0x02,0xFF,0x40,0xF0,0xA6,0x75,0x0C,0xC3,0x6A,0xBB,0x2E,0x22,0xFE,0xE1,
  0x10,0x09,0xEC,0x35,0x58,0x96,0x65,0x59,0x16,0x21,0x84,0x61,0x18,0x8E,0xE3,0xC0,
  0x52,0x96,0x65,0x71,0x1C,0x77,0xFF,0x01,0xC0,0x71,0x1C,0x7C,0x99,0x20,0x88,0xDA,
  0xAE,0xB8,0x88,0x7F,0x20,0x30,0xD1,0x13,0xAB,0x62,0xF0,0x0C,0x04,0xAE,0x72,0x2C,
  0x87,0xE1,0xA5,0xD7,0xD5,0x52,0xA4,0xB5,0x58,0x2C,0x0C,0xC3,0xC8,0x15,0x72,0x99,
  0x54,0x56,0x6A,0x11,0xE6,0xBF,0xC9,0x30,0x0C,0x2A,0x99,0x02,0x6A,0xBB,0x89,0x22,
  0xEA,0x31,0x44,0x02,0x97,0x0F,0x58,0x66,0x71,0x1C,0x77,0x27,0x18,0xC3,0xB2,0x04,
  0x8E,0xA7,0xA5,0xA5,0x9D,0x3A,0x79,0x32,0x23,0xE3,0x5E,0x56,0xD6,0xFD,0x9C,0x9C,
  0x5C,0xB3,0xD9,0x64,0x32,0x99,0x5F,0x78,0x61,0xFC,0xCB,0xAF,0xBC,0x82,0x10,0x5A,
  0xB9,0x62,0xE5,0xFA,0xF5,0xEB,0xE5,0x32,0x99,0x54,0x26,0x53,0xA9,0x94,0x1A,0x8D,
  0x56,0xA7,0xD3,0xF5,0xEA,0xD5,0xEB,0xA5,0x09,0x2F,0x95,0xE2,0xF9,0xDF,0xC5,0x32,
  0x0C,0xBF,0x92,0x8B,0x10,0xE1,0x15,0x44,0x02,0x97,0x06,0xC7,0x71,0x1C,0xC7,0xF1,
  0x4C,0x33,0x1A,0x8D,0x17,0x2E,0x5C,0xC8,0xCF,0xCB,0x8B,0x19,0x38,0x50,0xAD,0x52,
  0xA5,0xA5,0xA5,0x0D,0x19,0x3C,0xE4,0x7E,0x66,0x26,0x41,0x10,0x38,0x8E,0x93,0x24,
  0x49,0x10,0x04,0xC3,0x30,0x38,0x81,0x5F,0xB8,0x78,0x51,0x26,0x93,0xB5,0x6E,0xD5,
  0x9A,0xA1,0x69,0xA9,0x54,0xCA,0x30,0x0C,0xAC,0xDE,0x2C,0xCB,0xDA,0xAC,0xD6,0x9D,
  0xBB,0x77,0xC5,0xC4,0xC4,0xFC,0xF2,0xCB,0x2F,0x73,0xE7,0xCE,0x55,0x29,0x55,0xAD,
  0x9F,0x68,0xDD,0xA1,0x43,0x87,0x0E,0xED,0xDB,0x37,0x7D,0xEC,0x31,0x77,0xEA,0x42,
  0x77,0x88,0x64,0x16,0x21,0x10,0xE2,0x19,0x18,0x21,0x37,0xD2,0x72,0x1C,0x87,0x61,
  0x18,0x86,0x61,0x37,0x6E,0xDC,0xF8,0xF9,0xD4,0xA9,0x93,0x27,0x4F,0x5E,0xBA,0x74,
  0x29,0x37,0x27,0xD7,0x68,0x34,0xBE,0xF0,0xE2,0x0B,0xEB,0x12,0x13,0xAF,0xA7,0xA6,
  0xDE,0x4E,0x4B,0x0B,0x09,0x09,0x71,0x3A,0x9D,0x34,0x4D,0xBB,0x5C,0x2E,0x84,0x90,
  0xD3,0xE9,0xEC,0xDE,0xA3,0x87,0x56,0xAB,0x95,0x4A,0xA5,0x3D,0x7B,0xF6,0xDC,0xB7,
  0x77,0xAF,0x42,0xA1,0x00,0xEA,0x62,0x18,0x46,0x10,0x04,0x57,0xC2,0xC9,0xC5,0x1F,
  0x2F,0xBA,0x70,0x3E,0xC5,0xCF,0xCF,0xEF,0x6C,0x72,0xF2,0x46,0x6E,0x83,0x56,0xAB,
  0x8D,0x88,0x8C,0x88,0x89,0x89,0x79,0xFD,0xF5,0x7F,0x93,0x12,0x92,0x5F,0xA2,0x69,
  0x9A,0x26,0x08,0x42,0xA4,0xB1,0x08,0x8F,0x78,0xD4,0x57,0x60,0x8E,0xE3,0x18,0x86,
  0x21,0x49,0x12,0x7E,0xC6,0x30,0xCC,0xE1,0x70,0xCC,0xFA,0xD7,0xAC,0xC3,0x49,0x49,
  0x76,0xBB,0x5D,0x22,0x91,0x28,0x14,0x0A,0x92,0x24,0x0B,0xF2,0x0B,0x9A,0x35,0x6F,
  0xF6,0xEB,0x99,0xD3,0x34,0x45,0xFD,0xE7,0x8D,0xFF,0x24,0x27,0x27,0x37,0x6C,0xD8,
  0x30,0xB4,0x41,0x68,0x70,0x48,0x88,0x9F,0x5E,0x1F,0x10,0x10,0xD0,0xA7,0x6F,0x5F,
  0x83,0xC1,0x80,0x10,0x72,0x3A,0x1C,0xA7,0x4E,0xFD,0xEC,0x70,0x14,0xD1,0x34,0x93,
  0x5F,0x90,0x6F,0x34,0x1A,0xB3,0xB2,0xB2,0xDA,0xB4,0x69,0x13,0x17,0x17,0x87,0x10,
  0xFA,0xF0,0x83,0x0F,0x17,0x2F,0x5A,0xA4,0x50,0x2A,0x24,0xA4,0x44,0x26,0x93,0xE1,
  0x38,0xCE,0x30,0x4C,0x56,0x56,0xD6,0xBA,0x75,0xEB,0xE2,0x26,0xBC,0x84,0x10,0xCA,
  0xCD,0xCD,0xD5,0xEB,0xF5,0x12,0x89,0x04,0x21,0xC4,0x30,0x8C,0x78,0x48,0x16,0x51,
  0x31,0x1E,0x5D,0x02,0x3F,0x40,0x5D,0x96,0xBD,0x7D,0xE7,0x4E,0xE3,0xC6,0x8D,0x09,
  0x82,0x48,0x3A,0x74,0x68,0xC4,0x73,0x23,0xC2,0xC3,0xC3,0x29,0x8A,0xB2,0xD9,0x6C,
  0x0C,0xC3,0xE8,0x74,0xBA,0x86,0x0D,0x1B,0xBE,0x3B,0x77,0xEE,0x80,0x98,0x01,0xF0,
  0x2C,0x45,0x51,0xC0,0xB1,0x52,0x05,0xA2,0x87,0xEF,0x7E,0x61,0x76,0xE0,0x38,0xEE,
  0xF0,0xE1,0xC3,0xE7,0xCF,0x9F,0xFF,0xFD,0xD2,0xE5,0xD4,0xD4,0xD4,0xEC,0xEC,0x6C,
  0x96,0x65,0x6D,0x36,0xDB,0xC6,0x4D,0x1B,0x9F,0x1F,0x3B,0x76,0xED,0xDA,0xB5,0x4B,
  0x97,0x2C,0x8D,0x88,0x88,0x18,0xF6,0xEC,0xB0,0x11,0x23,0x46,0x34,0x6C,0xD8,0x10,
  0x95,0xD1,0x90,0x89,0x10,0xE1,0x8E,0x47,0x94,0xC0,0x0C,0xCB,0x10,0x38,0x81,0x10,
  0x72,0x38,0x9D,0x7B,0xBE,0xFB,0x6E,0xDB,0x96,0xAD,0x97,0x2E,0x5D,0x1A,0x34,0x78,
  0x50,0xE2,0xFA,0xF5,0x77,0xEE,0xDC,0x19,0x3A,0x78,0x48,0x66,0x66,0x66,0x78,0x78,
  0x78,0x74,0x74,0xF4,0xD3,0x3D,0x7B,0x46,0x3F,0x19,0xFD,0xD8,0x63,0x8F,0x01,0xFD,
  0x10,0x42,0xFC,0x66,0x9B,0x65,0x59,0x9E,0xB4,0xBC,0x16,0x8A,0xD7,0x5A,0xA3,0x07,
  0x29,0x5D,0xD6,0x8C,0x54,0x90,0x9F,0x7F,0xF9,0xF7,0xDF,0x4F,0x9D,0x3A,0xD5,0xA0,
  0x41,0x83,0x29,0x53,0xA6,0xB0,0x2C,0x1B,0xDD,0xB1,0x53,0x66,0x66,0xA6,0x4C,0x26,
  0x33,0x9B,0xCD,0x41,0xC1,0x41,0x03,0x07,0x0F,0x9E,0x3C,0x69,0x52,0xAB,0x56,0xAD,
  0x6A,0x5B,0x5A,0x22,0xEA,0x2E,0x1E,0x45,0x02,0xC3,0x9A,0xE6,0x72,0xB9,0xBE,0xDC,
  0xB6,0x6D,0xE3,0xC6,0x8D,0xD7,0xAE,0x5E,0x53,0x2A,0x95,0x52,0xA9,0xD4,0x6C,0x36,
  0xFF,0x96,0x9C,0xDC,0xA4,0x69,0x93,0x3B,0x77,0xEE,0xDC,0xBC,0x79,0xB3,0x63,0xC7,
  0x8E,0x7E,0x7E,0x7E,0xA5,0x9E,0x82,0x9F,0x61,0x39,0xAD,0xDC,0xDB,0x41,0xB9,0x55,
  0xEA,0x88,0x0B,0x05,0xBE,0x37,0xFF,0xBD,0x15,0x9F,0x7E,0xAA,0x50,0x28,0x34,0x1A,
  0x0D,0xC7,0x71,0x26,0x93,0x89,0x24,0xC9,0x59,0xB3,0x67,0xBD,0xFD,0xCE,0x3B,0xFC,
  0x64,0x21,0xEA,0xAB,0x45,0xB8,0xE3,0x11,0x22,0xB0,0xBB,0x4F,0xC5,0xF9,0x73,0xE7,
  0x5E,0x7D,0xE5,0xD5,0x6B,0xD7,0xAE,0x69,0x34,0x1A,0x85,0x42,0x61,0x36,0x9B,0xED,
  0x76,0xFB,0xC8,0x91,0x23,0xD7,0x6F,0xDC,0x80,0xDC,0xB6,0xC1,0xD5,0x6A,0xAD,0xE5,
  0xD7,0x70,0xF7,0x05,0xFC,0xE4,0xC9,0x93,0x3B,0xBE,0xDE,0xF1,0xE3,0x8F,0x47,0x0B,
  0xF2,0x0B,0xF4,0x7A,0x3D,0xC7,0x71,0x0E,0x97,0xF3,0xDC,0xB9,0x73,0x0D,0x1A,0x34,
  0xE0,0x1F,0x64,0x18,0x46,0x74,0x0B,0x11,0x01,0xF8,0xE7,0x10,0xB8,0xE2,0xB3,0x22,
  0x3F,0xE8,0x81,0x30,0xCF,0x0E,0x1B,0x76,0xEA,0xE4,0xA9,0xD0,0xD0,0xD0,0xFC,0xFC,
  0x7C,0x0C,0xC3,0x7A,0xF4,0xE8,0x31,0x79,0xF2,0xE4,0x01,0xB1,0x31,0xF0,0x05,0xC4,
  0x21,0x96,0x63,0x6B,0x78,0xAD,0xE3,0x10,0xE2,0x5F,0x96,0x9E,0x9E,0xFE,0xD5,0xF6,
  0xED,0xDF,0xEC,0xFC,0xE6,0xF6,0xED,0xDB,0xB1,0x03,0x63,0xBF,0xDA,0xF1,0x35,0xC7,
  0x72,0x5B,0x36,0x6F,0xB1,0x17,0xD9,0x27,0x4C,0x98,0xA0,0x52,0xA9,0xC4,0x83,0xB1,
  0x88,0x62,0x70,0xF5,0x1F,0x2C,0xC7,0xF1,0x46,0xD7,0x72,0xBF,0x40,0xD3,0x34,0xC7,
  0x71,0x05,0x05,0x05,0xBF,0xFE,0xFA,0xAB,0xC3,0xE1,0xE0,0x38,0x6E,0xFE,0xBC,0xF9,
  0x4A,0xB9,0x22,0x24,0x28,0x78,0xCC,0xE8,0xD1,0xBF,0xFC,0xF2,0xCB,0xDF,0x45,0x3D,
  0xA4,0x84,0x1A,0x03,0x4D,0xD3,0x50,0x5B,0x8E,0xE3,0x72,0x72,0x72,0x4E,0x9C,0x38,
  0x61,0x36,0x9B,0x39,0x8E,0x5B,0xBD,0x7A,0xB5,0x42,0xAE,0xF0,0xD7,0xFB,0x75,0xE9,
  0xFC,0xD4,0xE1,0xC3,0x87,0xEB,0x42,0x55,0x45,0xD4,0x05,0xFC,0x13,0x08,0x0C,0xEC,
  0xBD,0x7D,0xFB,0x36,0x57,0x66,0x58,0xF3,0xBF,0x1E,0x3A,0x74,0x28,0xBA,0x63,0x27,
  0xAD,0x5A,0x33,0x2D,0x3E,0x9E,0xE3,0x38,0x8A,0xA2,0x76,0xEF,0xDA,0x7D,0xFC,0xD8,
  0x71,0xBE,0x04,0x9E,0x36,0x75,0x01,0x0C,0xC3,0x50,0x14,0xE5,0xDE,0x84,0x0F,0x3E,
  0xF8,0x40,0x21,0x93,0xB7,0x6E,0xD1,0x2A,0xBC,0x51,0x98,0x4E,0xA3,0x4D,0x4C,0x4C,
  0xE4,0x4A,0x26,0x26,0x11,0x8F,0x32,0xEA,0x3D,0x81,0x61,0xA0,0xEF,0xD9,0xB3,0x27,
  0x24,0x38,0x64,0xEB,0x96,0xAD,0xFC,0x27,0xEE,0x98,0x3F,0x7F,0xBE,0xBF,0xDE,0xAF,
  0x71,0x58,0x78,0x64,0xE3,0x88,0xC8,0xC6,0x11,0x05,0xF9,0xF9,0xFC,0x9F,0x58,0x96,
  0xAD,0xB3,0x34,0x80,0xBA,0xC1,0xF4,0x64,0x34,0x1A,0x27,0x4D,0x9C,0x14,0xE0,0xE7,
  0x1F,0x11,0xDE,0xD8,0x4F,0xA7,0x1F,0x36,0x74,0x18,0x57,0x32,0x73,0x89,0x78,0x94,
  0x51,0xBF,0x09,0x0C,0x5C,0xDD,0xB7,0x67,0x6F,0x68,0x70,0x48,0x78,0xA3,0xB0,0x20,
  0x43,0xE0,0xB6,0x6D,0xDB,0xF8,0xCF,0x81,0x99,0xA7,0x4F,0x9F,0xD6,0xA8,0x35,0x2D,
  0x9A,0x35,0x6F,0x1C,0x16,0xEE,0xA7,0xD3,0x2F,0x59,0xB2,0x84,0x2B,0x59,0x72,0xEB,
  0x2C,0x75,0x4B,0x81,0xDF,0x47,0xEC,0xDF,0xB7,0xAF,0x5B,0x97,0xAE,0x2D,0x9A,0x37,
  0x3F,0x74,0xE8,0x10,0x27,0x12,0x58,0x04,0xC7,0xD5,0x63,0x25,0x16,0x78,0x53,0xEC,
  0xDF,0xB7,0x7F,0x5A,0x7C,0xBC,0x5C,0x2E,0x27,0x49,0x92,0x65,0x18,0xB3,0xD5,0xB2,
  0x62,0xE5,0xCA,0xF1,0xE3,0xC7,0xD3,0x34,0x0D,0xA1,0x08,0x77,0xEE,0xDC,0x89,0x1D,
  0x10,0x93,0x71,0xEF,0xDE,0xE3,0x8F,0x3D,0xF6,0xF1,0xA2,0x45,0xFD,0x07,0xF4,0xAF,
  0xED,0x8A,0x57,0x06,0xD0,0x5B,0x38,0x8E,0x17,0x15,0x15,0x39,0x9D,0x4E,0x50,0x50,
  0x8B,0xF6,0x24,0x11,0xF5,0x95,0xC0,0x34,0x4D,0x93,0x24,0x79,0x60,0xFF,0xFE,0x69,
  0xF1,0xD3,0x64,0x32,0x19,0x41,0x10,0xE0,0x78,0x8C,0x10,0x32,0x5B,0x2C,0x2B,0x57,
  0xAE,0x1C,0x37,0x7E,0x1C,0xCF,0xE1,0x2B,0x7F,0xFC,0x91,0x7C,0xF6,0xEC,0x90,0x21,
  0x43,0x02,0x03,0x03,0xEB,0xB5,0x0D,0x86,0xAF,0xBC,0xA8,0x85,0x16,0x01,0xA8,0x97,
  0x04,0x06,0xF6,0x1E,0x3C,0x70,0x20,0x7E,0x6A,0x3C,0xCF,0xDE,0xE2,0xF6,0x60,0x18,
  0xC7,0x71,0x56,0xAB,0x75,0xE5,0xAA,0x95,0x63,0xC7,0x8D,0x63,0x68,0x1A,0x73,0x0B,
  0x09,0xAC,0xD7,0xEC,0x05,0x70,0x62,0xB8,0x92,0x08,0x37,0xD4,0x3F,0x02,0x03,0x7B,
  0x0F,0x1D,0x38,0x38,0x75,0xEA,0xD4,0x52,0xEC,0x2D,0x6E,0x12,0xCF,0xE1,0x84,0x55,
  0x63,0xC7,0x8E,0x85,0x75,0x98,0x65,0xD9,0x47,0x2A,0xBE,0x87,0xF7,0xDC,0x12,0x02,
  0xD1,0xBB,0xAB,0xFE,0xA2,0x9E,0x11,0x18,0xCE,0xBD,0x87,0x0E,0x1E,0x8C,0x9F,0x12,
  0x2F,0x95,0x49,0xCB,0xB2,0xB7,0xB8,0x55,0x25,0x1C,0x5E,0xF5,0x59,0xC2,0xF3,0xCF,
  0x3F,0x0F,0x9C,0xAF,0xED,0xBA,0xD7,0x69,0x88,0x27,0xEA,0x7A,0x8A,0xFA,0x44,0x60,
  0xE0,0x61,0xD2,0xA1,0x43,0x53,0xA7,0x4C,0x95,0x4A,0x1F,0xCA,0xDE,0xE2,0x86,0x01,
  0x87,0x6D,0xD6,0x84,0x84,0xCF,0xC6,0x3C,0x3F,0xE6,0x91,0xE2,0x30,0xC7,0xB2,0xFF,
  0x3B,0x77,0xCE,0x6E,0xB7,0xE3,0x38,0x8E,0x2A,0xEC,0x5E,0x0C,0xC3,0x5C,0x94,0xAB,
  0x49,0x93,0x26,0x11,0x11,0x11,0x22,0x87,0xEB,0x23,0xEA,0x0D,0x81,0x81,0x81,0x87,
  0x93,0x92,0xA6,0x4C,0x9E,0x22,0x91,0x4A,0xC9,0x0A,0xD9,0x5B,0xDC,0x36,0x1C,0xE7,
  0x58,0xD6,0x6A,0xB3,0x7E,0xB6,0x7A,0xF5,0xE8,0xD1,0xA3,0x1F,0x05,0x0E,0x03,0x09,
  0x69,0x9A,0xEE,0xD6,0xAD,0xDB,0xF5,0x6B,0xA9,0x90,0x57,0xA0,0x82,0xEF,0x93,0x24,
  0x99,0x97,0x97,0xF7,0xC1,0x47,0x1F,0xFE,0xE7,0x3F,0xFF,0x79,0x14,0xE4,0xF3,0xCF,
  0x43,0xFD,0xE8,0x30,0x08,0xDC,0x3D,0x9C,0x74,0x78,0xCA,0xE4,0x29,0x52,0x89,0x84,
  0x10,0xC0,0x5E,0x84,0x10,0xC7,0xB2,0x38,0x8E,0xAB,0x55,0xEA,0x57,0x5E,0x7E,0x05,
  0x21,0x34,0x7A,0xF4,0xE8,0x47,0x44,0x79,0x8B,0x61,0x98,0x4A,0xA9,0x52,0xAB,0xD5,
  0x42,0x08,0xEC,0x74,0x38,0xA4,0x52,0x69,0x6D,0x57,0x59,0x44,0x25,0x51,0x0F,0x08,
  0x0C,0xFA,0xA7,0xA4,0xA4,0xA4,0x69,0x53,0xE3,0x25,0x12,0x09,0x41,0x92,0x42,0xD8,
  0xCB,0x3F,0x8B,0xE3,0xB8,0x5A,0xA5,0xFA,0xD7,0x2B,0xAF,0xA2,0x47,0x89,0xC3,0xC5,
  0xC9,0xB8,0x4A,0x32,0xE0,0x56,0x20,0x1F,0xC6,0x1B,0x75,0x97,0x88,0xBA,0x86,0xCA,
  0x10,0x18,0x1C,0x80,0x2A,0xF1,0x20,0x1C,0xB1,0xB0,0x12,0x08,0x79,0x04,0xBC,0x17,
  0x72,0x73,0x73,0x5F,0x79,0xE5,0x15,0x96,0x65,0x15,0x0A,0x05,0x45,0x51,0x5E,0x1D,
  0xD5,0x80,0xFF,0x32,0xA9,0x6C,0xF6,0xAC,0xD9,0x9D,0x3B,0x77,0x6E,0xDC,0xB8,0xF1,
  0x23,0xC2,0xE1,0xAA,0x80,0xE3,0x38,0x08,0xA5,0xF4,0x16,0x7C,0xD7,0x78,0xD5,0xCB,
  0x22,0x2A,0x8D,0xCA,0x10,0xD8,0x57,0xA6,0x54,0x18,0x22,0x15,0xDB,0x30,0x30,0x0C,
  0x63,0x59,0x36,0x30,0x30,0x30,0x21,0x21,0x61,0x7A,0xFC,0x34,0x97,0xCB,0x45,0x7A,
  0xB3,0x02,0x43,0xF9,0x0C,0xC3,0xB8,0x28,0x57,0xC2,0x67,0x09,0x22,0x7B,0x85,0x00,
  0x0E,0xD2,0x3E,0x39,0x0F,0xF3,0x99,0xFD,0x44,0x4B,0x55,0x35,0xC1,0xEB,0x4E,0x62,
  0x18,0x66,0xCD,0x9A,0x35,0x05,0xF9,0x05,0xA4,0x84,0x14,0xB2,0x0E,0x63,0x08,0x61,
  0x38,0xAE,0x50,0x28,0xD4,0x2A,0xB5,0x5E,0xAF,0x0B,0x08,0x08,0x08,0x0E,0x0E,0x0E,
  0x09,0x0D,0xF5,0xF7,0xF7,0xE7,0x27,0x02,0x30,0x5A,0x3E,0x6C,0x5E,0x00,0x2B,0xEE,
  0xA0,0x41,0x83,0xD6,0xAD,0x4F,0x9C,0x3A,0x79,0x0A,0x86,0x30,0x82,0x14,0x74,0x06,
  0xE6,0x9F,0xB5,0xDB,0xED,0x09,0x9F,0x7D,0x36,0x72,0xD4,0x28,0x91,0xBD,0x1E,0x01,
  0x22,0xFA,0xF3,0xCF,0x3F,0x77,0xEC,0xD8,0xA1,0x90,0x2B,0x38,0x8E,0xF5,0xD8,0xC7,
  0xC0,0x4B,0x92,0x94,0xA8,0x54,0x4A,0x8D,0x56,0xAB,0xD7,0xEB,0x83,0x82,0x82,0x82,
  0x83,0x83,0x43,0x42,0x42,0x14,0x0A,0xC5,0xDF,0x5E,0x34,0x0F,0x3A,0xD5,0x88,0xF0,
  0x09,0xBC,0x20,0x30,0x4C,0xCC,0x2C,0xCB,0x6E,0x48,0x5C,0x7F,0xE3,0xC6,0x0D,0x8F,
  0x0A,0x92,0xB2,0xC0,0x71,0x9C,0x20,0x08,0xB9,0x5C,0xAE,0xD7,0xEB,0x1B,0x85,0x35,
  0x6A,0xD5,0xAA,0x55,0xE7,0xCE,0x4F,0x3D,0xD5,0xE5,0x29,0xC8,0xDE,0x86,0x1E,0xEE,
  0x29,0x85,0xE3,0x38,0x4D,0xD3,0x03,0x07,0x0E,0x4C,0xDC,0xB0,0x3E,0x7E,0xCA,0x54,
  0x29,0x26,0x15,0xA2,0xC7,0x2A,0x66,0xAF,0xCD,0x9E,0xB0,0x3A,0x61,0xD4,0xE8,0x51,
  0xA2,0x96,0x55,0x08,0x60,0x52,0x4E,0x4D,0x4D,0xFD,0xEF,0x87,0x1F,0xF9,0xF9,0xF9,
  0x79,0xB7,0x91,0xE6,0x10,0x86,0x63,0x38,0x8E,0x4B,0x24,0x12,0x95,0x4A,0x65,0x30,
  0x18,0xA2,0x9A,0x44,0xB5,0x6B,0xD7,0xAE,0x6B,0xD7,0xAE,0x1D,0x3A,0x76,0x54,0x28,
  0x14,0x48,0x4C,0xB5,0xE9,0x6B,0x54,0x66,0x40,0xFB,0xF9,0xF9,0x19,0x0C,0x06,0xB9,
  0x5C,0xEE,0xED,0x49,0x18,0x3C,0xF2,0x59,0x96,0x35,0x1A,0x8D,0x39,0x39,0x39,0xBF,
  0x9D,0xF9,0x6D,0xD3,0xC6,0x4D,0x01,0x06,0x43,0x97,0xA7,0x9E,0x1A,0xF3,0xFC,0xF3,
  0xB1,0x03,0x63,0x09,0x82,0x60,0x58,0x06,0xC7,0xCA,0xD9,0x6E,0x91,0x24,0x49,0xD3,
  0x34,0xAC,0xC3,0xF1,0x53,0xE3,0x65,0x9E,0xEC,0xC0,0xC0,0x5E,0x9B,0xCD,0x96,0xF0,
  0x59,0xC2,0xA8,0x47,0xC3,0x86,0xE4,0x43,0xC8,0xA4,0xD2,0xC0,0xC0,0x40,0x9D,0x4E,
  0xE7,0xED,0x1C,0xCD,0x95,0xE4,0xFD,0xA3,0x69,0x3A,0x23,0x23,0x23,0xED,0x56,0xDA,
  0xE1,0xA4,0xC3,0x32,0x99,0xAC,0x71,0x64,0x44,0x4C,0x4C,0xCC,0xB8,0xB1,0x63,0x1F,
  0x6F,0xD6,0x0C,0x95,0x18,0x05,0x6B,0xBB,0x95,0xFF,0x04,0x54,0x66,0x22,0x84,0x58,
  0x3C,0x3E,0x22,0x4F,0x38,0x18,0x86,0x81,0x01,0x41,0x92,0xA4,0x4A,0xA5,0xF2,0xF7,
  0xF7,0xF7,0xF3,0xF3,0x73,0x39,0x9D,0x49,0x49,0x49,0x71,0x2F,0xBE,0xD8,0xBF,0x5F,
  0xFF,0x1F,0xBE,0xFF,0x81,0xC0,0x09,0x0C,0xC3,0xCA,0x9D,0xF8,0x81,0xC3,0x83,0x07,
  0x0F,0x5E,0xB7,0x3E,0xD1,0xE9,0x74,0xC2,0x8D,0x24,0xE5,0xD6,0x10,0x76,0x0A,0x36,
  0x9B,0x6D,0x55,0x42,0xC2,0xE8,0x31,0x8F,0x96,0x17,0x87,0x4F,0x00,0x0C,0xAC,0x5C,
  0x17,0x43,0x2F,0xE3,0x38,0x2E,0x95,0x4A,0xB5,0x3A,0xAD,0xC1,0x60,0x50,0xA9,0x54,
  0xF7,0xEE,0x66,0xAC,0x5A,0xB1,0xB2,0x7F,0xBF,0xFE,0xB3,0x67,0xCD,0xCE,0xBC,0x97,
  0x49,0x92,0x64,0xA5,0x55,0xA1,0x22,0xDC,0x51,0x3B,0x3B,0x19,0x58,0x87,0xA1,0xB3,
  0x71,0x1C,0xD7,0xE9,0x74,0x7A,0xBD,0xFE,0x8F,0xCB,0x97,0x5F,0x18,0x37,0xEE,0xE5,
  0x99,0x2F,0xDB,0xED,0x76,0x82,0x20,0x68,0x9A,0x2E,0xFB,0x20,0x70,0x78,0x48,0x85,
  0x1C,0x06,0x1F,0x2C,0x9B,0xCD,0xB6,0x2A,0x61,0xD5,0xA3,0xE6,0x83,0x55,0x77,0x00,
  0xBB,0x2D,0x98,0x02,0x58,0x96,0x95,0x4A,0xA5,0x06,0x83,0x01,0xC7,0xF1,0x6D,0x5B,
  0xB7,0x3E,0xD3,0xBB,0xF7,0xCE,0x9D,0x3B,0xC1,0x35,0x5D,0xE4,0x70,0x15,0x51,0xFB,
  0x47,0x11,0xE8,0x66,0x86,0x61,0x94,0x2A,0x95,0xDE,0xDF,0xEF,0xAB,0xED,0xDB,0x07,
  0xC5,0x0E,0xCC,0xCC,0xCC,0x04,0xAE,0x96,0xFD,0x7E,0x31,0x87,0x87,0x0C,0x59,0x9B,
  0xB8,0xCE,0x51,0x86,0xC3,0x3C,0x7B,0x57,0xAE,0x5A,0x39,0x46,0xF4,0x82,0xAE,0x33,
  0x80,0x25,0x1D,0x21,0x14,0x10,0x10,0xE0,0x70,0x38,0xA6,0xC7,0x4F,0x5B,0xB8,0x60,
  0x21,0x2A,0xE9,0xAF,0xDA,0xAE,0x5D,0x3D,0x46,0xED,0x13,0x98,0x07,0xCB,0xB2,0x0C,
  0xCD,0x04,0x05,0x05,0xFD,0xF9,0xE7,0x9F,0x43,0x87,0x0C,0xBD,0x77,0xEF,0x1E,0x6C,
  0xB4,0xCA,0x7E,0x13,0x38,0x3C,0x74,0xE8,0xD0,0xB5,0xEB,0xD6,0x3A,0x9C,0x0E,0x9E,
  0xC3,0x3C,0x7B,0x57,0xAC,0x5C,0xF1,0xFC,0xD8,0xB1,0x22,0x7B,0xEB,0x20,0xE0,0xDA,
  0xA7,0xC0,0xC0,0xC0,0xE5,0xCB,0x96,0xBD,0xF9,0xE6,0x9B,0xC8,0xED,0x3E,0x74,0x11,
  0x95,0x40,0x1D,0x22,0x30,0x80,0xA2,0x28,0x9D,0x4E,0x77,0xF7,0xAF,0xBF,0xC6,0x8D,
  0x1D,0x67,0xB3,0xD9,0x1E,0xA6,0xA9,0x02,0x0E,0x0F,0x1B,0x36,0x6C,0xED,0xDA,0x75,
  0x0E,0x87,0x03,0xD4,0xD7,0x10,0x81,0xB4,0x62,0xC5,0x8A,0xB1,0xE3,0xC6,0x89,0xEC,
  0xAD,0xB3,0x80,0xD5,0x38,0x38,0x38,0x38,0x71,0xED,0xBA,0xA5,0x4B,0x97,0x82,0xA1,
  0xBE,0xB6,0x2B,0x55,0x5F,0x51,0xE7,0x08,0x8C,0x10,0xA2,0x69,0x5A,0xAF,0xD7,0xFF,
  0x7E,0xF9,0xF2,0xEC,0x59,0xB3,0x2B,0xF8,0x5A,0x31,0x87,0x9F,0x1D,0xF6,0xF9,0xBA,
  0x35,0x4E,0xA7,0xD3,0xE5,0x72,0xD9,0x6D,0xB6,0x15,0x2B,0x56,0x8C,0x1D,0x2F,0xB2,
  0xB7,0x1E,0x80,0x61,0x18,0x83,0xC1,0xB0,0x64,0xD1,0xE2,0x23,0x47,0x8E,0xC0,0x15,
  0xAD,0xB5,0x5D,0xA3,0x7A,0x89,0xBA,0x48,0x60,0x84,0x10,0x45,0x51,0x06,0x83,0xE1,
  0xDB,0xDD,0xBB,0x77,0x7D,0xB3,0xAB,0x82,0x19,0x1A,0x38,0x3C,0xFC,0xD9,0xE1,0xAB,
  0xD7,0x7C,0x4E,0x51,0xD4,0xB2,0x4F,0x3E,0x19,0xF7,0xC2,0x78,0x91,0xBD,0xF5,0x02,
  0xB0,0x73,0x96,0xCB,0xE5,0x73,0xDE,0x7E,0xC7,0x6C,0x36,0xC3,0x06,0xAA,0xB6,0x2B,
  0x55,0xFF,0x50,0x47,0x09,0x8C,0x10,0x62,0x59,0x56,0xA5,0x52,0x2D,0x5D,0xB2,0xC4,
  0x6E,0xB3,0x57,0xD0,0xBB,0xE0,0x59,0x39,0x7C,0xF8,0xF0,0xD3,0x67,0xCE,0xBC,0xF0,
  0xE2,0x0B,0x2C,0xCB,0x8A,0xEC,0xAD,0x2F,0x00,0xE7,0xF6,0x5B,0xB7,0x6E,0xAD,0x5A,
  0xB1,0x12,0x95,0xB8,0xD6,0x8A,0xF0,0x0A,0x35,0x41,0x60,0x70,0xC0,0xF2,0xD6,0xF9,
  0x06,0x7A,0xF7,0xE6,0xCD,0x9B,0x5F,0x6E,0xDB,0x86,0x2A,0xEC,0x5D,0xF0,0xD9,0x88,
  0x88,0x8C,0x80,0xC8,0x87,0x1A,0x68,0x91,0x88,0x52,0x80,0x7B,0xCC,0x2B,0xE1,0xF0,
  0x0C,0xB7,0xB7,0x7E,0xF5,0xD5,0x57,0x59,0x59,0x59,0x24,0x29,0xC8,0x39,0x57,0x84,
  0x3B,0x6A,0x62,0xB8,0x5B,0xAD,0x56,0x93,0xC9,0x64,0xB7,0xDB,0xBD,0xF5,0xA1,0x03,
  0x0E,0xEF,0xD8,0xB1,0x03,0xD6,0xD5,0x0A,0x7A,0x17,0x38,0x2C,0xBA,0xCB,0xD7,0x0A,
  0x20,0x85,0x80,0xC9,0x64,0xB2,0x58,0x2C,0x14,0x45,0x79,0x95,0x7B,0x8C,0xE3,0x38,
  0xA9,0x54,0x9A,0x95,0x95,0xB5,0x7B,0xF7,0x6E,0x24,0x2E,0xC2,0xDE,0xA3,0xFA,0x09,
  0x8C,0x61,0x5D,0xBB,0x75,0xED,0xD7,0xBF,0x7F,0xCB,0x96,0x2D,0x9D,0x4E,0xA7,0xD5,
  0x6A,0x15,0x1E,0xCC,0x04,0x04,0xBE,0x7A,0xF5,0x6A,0x72,0x72,0x32,0xFC,0x5A,0x51,
  0x4B,0xC4,0xB5,0xB7,0x36,0x00,0xEC,0x0D,0x08,0x08,0x18,0x10,0x13,0xD3,0xE3,0xE9,
  0x1E,0x81,0x41,0x81,0x05,0x85,0x85,0xF4,0xC3,0x9D,0xE4,0xCA,0x82,0x65,0x59,0x99,
  0x4C,0x76,0xE8,0xE0,0x21,0x84,0x90,0x78,0xFC,0xF1,0x16,0xD5,0x38,0xE8,0xC1,0x2A,
  0x4B,0xE0,0xF8,0xE7,0x6B,0xD6,0x6C,0xFF,0x6A,0xFB,0x0F,0x47,0x8F,0x1C,0x38,0x78,
  0xE0,0xA9,0x2E,0x5D,0x8C,0x46,0xA3,0x70,0x0E,0xE3,0x38,0xEE,0x74,0x3A,0x8F,0x1F,
  0x3F,0x8E,0x44,0x83,0x61,0x9D,0x04,0x8E,0xE3,0x76,0xBB,0xBD,0x63,0xC7,0x8E,0xDB,
  0xBE,0xDC,0xB6,0xFB,0xDB,0x6F,0x4F,0x9C,0x3C,0xF9,0xE9,0x8A,0x4F,0x65,0x72,0x99,
  0xD3,0xE9,0x14,0xC8,0x61,0x98,0xA6,0xAF,0x5D,0xBD,0x9A,0x9A,0x9A,0x8A,0x3C,0x4D,
  0xD3,0x22,0x4A,0xA1,0xDA,0x57,0x2D,0x0E,0x21,0x87,0xC3,0x81,0x10,0xC2,0x30,0xAC,
  0x7D,0x87,0x0E,0x7B,0xF7,0xED,0x8D,0x8D,0x8D,0x35,0x99,0x4C,0x02,0x39,0x0C,0x5E,
  0x78,0xE7,0xCF,0x9D,0x47,0xBE,0x8B,0x43,0xAE,0xB3,0xE0,0x83,0x3D,0x00,0xF0,0x6B,
  0x6D,0x57,0xCA,0x33,0x30,0x54,0xEC,0xBB,0x4E,0xD3,0xB4,0x46,0xA3,0x89,0x8B,0x8B,
  0xDB,0xB9,0x73,0xA7,0x4A,0xA5,0xA2,0x69,0x5A,0xE0,0x5E,0x9A,0x20,0x08,0xB3,0xD9,
  0x9C,0x92,0x92,0x82,0xBC,0x9A,0xA6,0x1F,0x14,0x17,0x2F,0xB4,0xDA,0x92,0x43,0xAD,
  0xF4,0x5D,0x4D,0x6C,0x3B,0xF9,0x5E,0x04,0x67,0xBA,0xB5,0x89,0xEB,0x22,0xA3,0xA2,
  0x1C,0x0E,0x87,0x90,0xDE,0x85,0x33,0xD2,0x9D,0xDB,0xB7,0x4D,0x26,0x53,0xB1,0xDB,
  0x5D,0x89,0xEB,0xA5,0x40,0xF0,0x4E,0xB9,0xDE,0xA2,0x6C,0x65,0x78,0xFF,0x6D,0xAF,
  0xDE,0xEE,0xB1,0x8D,0x70,0x89,0x19,0x9C,0xE1,0x41,0x4D,0x00,0x80,0x5F,0xF9,0xCA,
  0xD7,0x59,0x32,0x73,0x88,0x83,0x98,0x60,0x1C,0xC7,0x39,0x8E,0x73,0x3A,0x9D,0xED,
  0xDB,0xB7,0xFF,0xEF,0xC7,0x1F,0xDB,0xEC,0x36,0xAF,0xCE,0x35,0x7F,0xFC,0xFE,0x87,
  0x90,0xAF,0xF1,0xBD,0x80,0x1E,0x14,0x17,0x2F,0xB4,0xCA,0x49,0xCC,0xAB,0xCE,0x2D,
  0xB5,0x4D,0x80,0x67,0xCB,0xF6,0x5D,0xD9,0x6F,0xFA,0x1C,0x35,0x7A,0xE4,0x20,0x49,
  0x92,0xA2,0x28,0xA5,0x52,0x39,0x7D,0xC6,0xF4,0x37,0x5E,0xFF,0xB7,0x5C,0x2E,0xF7,
  0xA8,0xB4,0xE0,0x38,0x8E,0x24,0xC9,0x82,0x82,0x82,0xFB,0x99,0x99,0x3A,0x9D,0x8E,
  0x63,0x59,0x8C,0x20,0x2A,0xB1,0x14,0x57,0x7D,0xF5,0xAE,0xB4,0x8A,0xBB,0x82,0x74,
  0xAD,0xE0,0x04,0x8A,0x97,0x84,0xB9,0xD3,0x34,0x5D,0x58,0x58,0x68,0xB3,0xD9,0x9C,
  0x4E,0xA7,0x44,0x22,0x51,0x28,0x14,0x3A,0x9D,0x4E,0xA9,0x54,0xF2,0x95,0x07,0x3F,
  0xC4,0xBA,0xAC,0xAB,0xC3,0x30,0x4C,0x26,0x93,0xB1,0x2C,0xFB,0xDC,0x88,0xE7,0x36,
  0x6E,0xD8,0x90,0x92,0x92,0x02,0xD7,0x91,0x7B,0x7C,0x90,0x24,0xC8,0xDB,0xB7,0x6F,
  0xA3,0x0A,0x2F,0x9D,0x80,0xD1,0xE2,0x9E,0x07,0xA2,0x20,0x3F,0xDF,0x64,0x32,0x59,
  0x6D,0x36,0x96,0x65,0xE5,0x32,0xB9,0x46,0xAB,0xD1,0xEB,0xF5,0x6A,0xB5,0x9A,0xFF,
  0x8E,0xC0,0xF0,0xE3,0x4A,0x74,0x2E,0x74,0x2B,0xAC,0xBA,0xF0,0x3A,0xA7,0xD3,0x99,
  0x75,0xFF,0x7E,0xA1,0xD1,0x88,0xE3,0xB8,0xBF,0xBF,0x7F,0x68,0x68,0x28,0x7C,0x0E,
  0xBD,0x5C,0x4D,0xBD,0x56,0xD3,0x3A,0x03,0xD0,0x52,0xF4,0xE9,0xD3,0x27,0x20,0x20,
  0x80,0xA2,0x28,0x98,0xB3,0x2B,0x7E,0x04,0x4E,0x59,0x39,0xB9,0xB9,0xCD,0x5B,0xB4,
  0xC0,0x09,0xC2,0x6A,0xB1,0x9E,0x3B,0x77,0x0E,0xC7,0x71,0x84,0x3C,0xE7,0x8A,0xA0,
  0x68,0xEA,0xC9,0x27,0x9F,0xBC,0x9F,0x99,0x79,0xEB,0x56,0x9A,0x5C,0x2E,0x63,0x3D,
  0xA7,0x97,0x40,0x18,0x86,0x58,0x96,0x95,0xCA,0x64,0x5D,0xBB,0x76,0xE5,0x75,0x2A,
  0xD0,0x5B,0x29,0x29,0x29,0x79,0xB9,0xB9,0x24,0x29,0x11,0x32,0xB5,0xE3,0x38,0x5E,
  0xE4,0x28,0xEA,0xD8,0xB1,0x63,0x70,0x70,0x70,0x59,0x0E,0x83,0xEF,0x27,0x74,0xF0,
  0xE5,0xCB,0x97,0x4F,0x9C,0x38,0x91,0x72,0xEE,0xFC,0xED,0xDB,0xB7,0x0B,0x0A,0x0A,
  0x1C,0x4E,0x27,0xE5,0x72,0x11,0x24,0x21,0x93,0xCA,0x34,0x1A,0x4D,0xC3,0x46,0x8D,
  0xDA,0xB4,0x69,0xD3,0xE3,0xE9,0x1E,0x5D,0xBB,0x76,0xE5,0x63,0xE2,0xEB,0xF8,0x69,
  0x02,0xC2,0x09,0x07,0x0C,0x18,0x70,0xE6,0xCC,0x19,0x8D,0x46,0xE3,0x91,0xC0,0x1C,
  0xC7,0x11,0x24,0x91,0x97,0x97,0xC7,0x3D,0x44,0x19,0xC9,0xB1,0x1C,0xCB,0x15,0xF3,
  0x24,0x3D,0x3D,0xFD,0xC4,0x4F,0x3F,0x9D,0x3E,0x7D,0xE6,0xC6,0xF5,0xEB,0xB9,0xB9,
  0xB9,0x76,0xBB,0xDD,0xE9,0x74,0xC2,0x44,0x2F,0x57,0x28,0xB4,0x1A,0x4D,0xC3,0x46,
  0x8D,0x5A,0x3D,0xD1,0xAA,0x7B,0xB7,0xEE,0xDD,0xBA,0x75,0xD3,0x6A,0xB5,0xC8,0x13,
  0x85,0xA0,0x77,0x52,0x53,0x53,0xEF,0x65,0x64,0x48,0x48,0x09,0xE7,0x29,0x95,0x36,
  0x4D,0xD3,0xFE,0xFE,0xFE,0xED,0xDA,0xB5,0x83,0x66,0x12,0x04,0x71,0xE9,0xD2,0xA5,
  0xCD,0x5F,0x6C,0x3E,0x9B,0x9C,0x0C,0xF5,0xC1,0x30,0x4C,0xA5,0x52,0x85,0x86,0x86,
  0x76,0xEB,0xDE,0x7D,0xFC,0x0B,0xE3,0x5B,0xB4,0x68,0x81,0xAA,0xED,0x3A,0xAB,0xDA,
  0x51,0xFA,0x85,0x86,0x86,0x86,0x36,0x68,0x70,0xF3,0xC6,0x0D,0x85,0x42,0xE1,0x91,
  0x0C,0xB0,0x15,0x31,0x9B,0x4C,0xF0,0x6B,0xFA,0x5F,0xE9,0xA3,0x47,0x8D,0x2A,0x96,
  0x45,0x05,0x8F,0x62,0x08,0xC7,0x71,0x93,0xD9,0xF4,0xD3,0x89,0x13,0x32,0x99,0x6C,
  0xCC,0x98,0xD1,0x4A,0x85,0x52,0xF8,0x9E,0x8A,0x61,0x98,0x1F,0x8F,0x1F,0x83,0x4E,
  0x82,0xED,0x90,0xC9,0x64,0x8A,0x1B,0xFF,0x62,0xE6,0xFD,0x4C,0xA9,0x54,0x2A,0x64,
  0xD2,0x29,0x2A,0x2A,0x8A,0x6A,0x12,0xF5,0xD3,0xC9,0x13,0x65,0xFF,0xCA,0xFB,0x8A,
  0xED,0xDD,0xB3,0x67,0xF3,0x17,0x9B,0xCF,0xA7,0xA4,0xD8,0xAC,0x56,0x92,0x24,0x25,
  0x12,0x09,0x49,0x92,0xB0,0x20,0xB3,0x0C,0x6B,0xB7,0xDB,0x2D,0x16,0x4B,0x7A,0x7A,
  0xFA,0xC9,0x13,0x27,0xD6,0xAC,0x5E,0x1D,0xD5,0xB4,0xC9,0xE8,0x31,0x63,0x26,0x4F,
  0x9A,0xA4,0xD5,0xE9,0xAA,0x75,0x52,0xAF,0x3A,0xA0,0x62,0xCD,0x5B,0xB6,0x10,0x68,
  0xDA,0x85,0x05,0xD0,0x6C,0x36,0x3B,0x8A,0x8A,0x60,0x48,0xB8,0x37,0xAD,0x78,0xB2,
  0x43,0xC4,0xD9,0xE4,0xE4,0x75,0x89,0x89,0xA7,0x4E,0x9E,0x2C,0xC8,0x2F,0x80,0x78,
  0x63,0x92,0x24,0x09,0x82,0x90,0xC9,0x64,0x50,0x88,0xCB,0xE1,0xC8,0xB2,0xD9,0xEE,
  0xDE,0xBD,0x7B,0xEA,0xD4,0xA9,0xF5,0x6B,0x13,0xC3,0xC2,0xC3,0x06,0x0D,0x1E,0x3C,
  0x65,0xCA,0x94,0xF0,0xF0,0x70,0xF4,0x70,0x0A,0xC1,0x12,0xBA,0xE6,0xF3,0xCF,0xD7,
  0xAE,0x59,0x1B,0x10,0x10,0xC0,0xD0,0x0F,0xDF,0x15,0x16,0x0F,0x2A,0x73,0x6C,0x6C,
  0xCC,0xEE,0x6F,0xBF,0x85,0x4A,0xFE,0xF7,0xA3,0x8F,0x56,0xAF,0x5E,0xED,0x28,0x72,
  0x28,0x95,0x4A,0x92,0x24,0xA1,0x32,0x4E,0x87,0xF3,0xFA,0xF5,0xEB,0x97,0x2E,0x5F,
  0xDE,0xBA,0x75,0xCB,0x4B,0x2F,0x4D,0x78,0x7F,0xC1,0xFB,0xE0,0x2E,0xEA,0xF3,0x99,
  0xB7,0xA6,0x09,0x0C,0xBB,0x0E,0x89,0x44,0xA2,0xD5,0x6A,0x84,0x1B,0xFD,0x58,0x96,
  0x35,0x99,0xCD,0xF0,0x33,0x4E,0x10,0x6A,0x8D,0x06,0x2F,0x39,0x1F,0x56,0xF0,0x14,
  0x8E,0xE3,0x08,0x43,0x36,0xBB,0xED,0xC9,0x27,0x9F,0x9C,0x3E,0x7D,0xFA,0x17,0x9B,
  0xBE,0x08,0x08,0x08,0x28,0x37,0x44,0xB1,0xB4,0x50,0x48,0x32,0x2F,0x2F,0xEF,0xFB,
  0xEF,0xBF,0xE7,0x09,0x4C,0x10,0xC4,0xD1,0x23,0x47,0xB3,0xB3,0xB3,0x83,0x82,0x82,
  0x84,0x94,0x00,0xAE,0x63,0x4B,0x97,0x2C,0xD5,0x69,0x75,0xEE,0xAE,0x9D,0x70,0x20,
  0x27,0x49,0xF2,0xC2,0x85,0x0B,0xF3,0xE6,0xCD,0xFB,0xED,0xD7,0xD3,0xA4,0x44,0xA2,
  0x52,0xA9,0x14,0x06,0x03,0x7F,0xE3,0x2B,0x2A,0x59,0x13,0x60,0x76,0x97,0xC9,0x64,
  0x18,0x8E,0x21,0x0E,0x65,0xDC,0xCD,0xF8,0x60,0xC1,0xC2,0x6D,0x5B,0xB6,0xCE,0x79,
  0xF7,0xDD,0x91,0xA3,0x46,0xA2,0x3A,0x7C,0x47,0x21,0x8C,0x6C,0xAD,0x56,0x2B,0xDC,
  0x37,0x03,0xC7,0x71,0x87,0xC3,0xE1,0x74,0x3A,0x61,0x97,0xC1,0x03,0xA4,0x57,0x50,
  0x50,0xF0,0xDE,0xFC,0xF7,0x76,0xEF,0xDA,0x45,0xD3,0xB4,0x5A,0xAD,0x0E,0x08,0x08,
  0x28,0x75,0x4D,0x6E,0x71,0x21,0x04,0x21,0x05,0x89,0x61,0x18,0x42,0x28,0x37,0x27,
  0xF7,0xB3,0x55,0x09,0x5F,0x6F,0xFF,0x2A,0x7E,0xFA,0xB4,0x37,0xDE,0x78,0x03,0x12,
  0x33,0x3D,0xCC,0x52,0x05,0xFB,0x1D,0x8D,0x46,0x53,0x71,0xFF,0x02,0x0F,0xFD,0xFD,
  0x03,0xA0,0x99,0xB3,0xFE,0x35,0xEB,0x8B,0x4D,0x9B,0x82,0x02,0x83,0x54,0x4A,0x15,
  0x8C,0x67,0xA8,0x0C,0x4E,0xE0,0x0A,0x52,0xA1,0x52,0xA9,0x18,0x86,0x49,0x58,0xB5,
  0x2A,0x25,0xE5,0xFC,0xB6,0x2F,0xBF,0xF4,0xF7,0xF7,0xF7,0x39,0x87,0x6B,0xA1,0xFB,
  0x41,0xB8,0x2C,0xEB,0xDD,0x45,0x1E,0x7F,0x6F,0xC3,0x4A,0x74,0x7D,0x0C,0xCB,0xB0,
  0x02,0x80,0x63,0x38,0x42,0xE8,0xB5,0xD7,0x5E,0x0B,0x0A,0x0A,0x72,0x38,0x1C,0x65,
  0xF5,0x96,0x65,0x41,0xD3,0xB4,0x54,0x2A,0x3D,0x76,0xF4,0x47,0x20,0x1B,0xD4,0x73,
  0xCF,0x9E,0x3D,0x18,0x5E,0xAC,0x96,0xA8,0x18,0x18,0x86,0x15,0x14,0x14,0x0C,0x1E,
  0x3C,0xB8,0x4F,0xBF,0xBE,0xEE,0xAE,0x9D,0x3C,0x2D,0xD7,0xAC,0x59,0x33,0x78,0xF0,
  0xE0,0x73,0x67,0xFF,0xE7,0x1F,0x10,0xA0,0x56,0xAB,0xF9,0xF4,0x17,0xA5,0xB4,0x97,
  0xBC,0x52,0x9A,0xA1,0x19,0x86,0x61,0x20,0x26,0x3E,0x2F,0x2F,0x2F,0x7E,0xEA,0xD4,
  0xD7,0x5F,0x7B,0x1D,0x95,0xB8,0xAF,0xD4,0x7C,0x0F,0x7A,0x04,0x34,0xA1,0x12,0xE9,
  0x78,0x4A,0xB1,0x1D,0xF8,0x96,0x9C,0x9C,0xDC,0xB7,0x4F,0xDF,0xED,0x5F,0x7E,0xA9,
  0x52,0xA9,0xF4,0x7A,0x3D,0x58,0x9E,0x79,0x71,0x95,0x2D,0x81,0x57,0x47,0x49,0x24,
  0x12,0x83,0xC1,0x40,0xD3,0xF4,0x47,0x1F,0x7E,0x34,0x28,0x76,0x60,0xC6,0xDD,0x8C,
  0x87,0x05,0x99,0xA3,0x07,0x75,0xC8,0x1E,0x87,0x87,0x5A,0xAD,0x42,0x08,0x2D,0x5C,
  0xB8,0xF0,0x8B,0x4D,0x9B,0x42,0x43,0x43,0x39,0xC4,0xF1,0x97,0xC5,0xBB,0x97,0x06,
  0x1F,0x06,0x07,0x07,0x27,0x9F,0x49,0x1E,0x39,0x62,0xA4,0xCD,0x6E,0x17,0x78,0x27,
  0x81,0x70,0xD4,0x34,0x81,0xA1,0x85,0x45,0x45,0x45,0x85,0x85,0x05,0x5E,0xF9,0xAF,
  0xCB,0xA5,0xB2,0x32,0x65,0x09,0x79,0x5F,0xF1,0x7C,0x11,0xDA,0xA0,0xC1,0x2B,0xAF,
  0xBE,0x0A,0x4E,0xF3,0x1E,0x1F,0xE2,0x1D,0x48,0x2E,0xA4,0x5C,0x40,0x08,0xE1,0x38,
  0x7E,0xEB,0xD6,0xAD,0x33,0x67,0x4E,0xAB,0xD5,0x6A,0x8F,0xBB,0x06,0x18,0x5E,0x7E,
  0x7A,0xFD,0xBC,0xF9,0xF3,0x4A,0x35,0x1C,0x6A,0xF2,0xD6,0x5B,0x6F,0xBD,0xF3,0xD6,
  0xDB,0x72,0xA9,0x0C,0x26,0x7B,0xE1,0xDD,0x09,0x3C,0x07,0x1A,0x6F,0xDA,0xB8,0x71,
  0xFC,0xD8,0x71,0xB0,0x91,0xAE,0x9B,0x1C,0x46,0x08,0xE5,0xE7,0xE7,0xBB,0x5C,0x2E,
  0xA1,0xD3,0x34,0x87,0x48,0x92,0x70,0x5F,0x1E,0x8B,0xAF,0xC2,0x4A,0x4A,0x1A,0x31,
  0xFC,0xB9,0x9C,0xEC,0x6C,0x83,0xC1,0x00,0xCC,0x14,0x5E,0x01,0x90,0x18,0x8E,0xE3,
  0xC1,0x41,0x41,0xE7,0xCF,0x9D,0x8F,0x8D,0x89,0xF9,0xFD,0xF7,0xDF,0x2B,0xE0,0x30,
  0x12,0x60,0xC4,0xC2,0x30,0x8C,0x66,0x98,0xB0,0xF0,0xF0,0xDF,0x2F,0x5F,0x5E,0xF9,
  0xE9,0x8A,0xE0,0xE0,0x60,0x8A,0xA2,0x2A,0x7E,0x8A,0xA2,0xA8,0x00,0x43,0xC0,0xA5,
  0x8B,0x17,0x5F,0x9E,0x3E,0x03,0xF9,0xFA,0x6A,0xD8,0xDA,0x21,0x70,0x5A,0x5A,0x5A,
  0xC6,0xDD,0x0C,0x99,0x4C,0x26,0x90,0xC0,0x04,0x41,0xE8,0xFD,0xF4,0x55,0x79,0x2F,
  0xCB,0xB2,0xF1,0xD3,0xE2,0xDB,0xB6,0x6D,0x6B,0xB3,0x09,0xB2,0x6D,0x10,0x04,0x61,
  0xB7,0xDB,0xBF,0xFF,0xFE,0x7B,0xF8,0xF5,0xC0,0xFE,0x03,0xC6,0x42,0xA3,0x10,0x3F,
  0x21,0x82,0x20,0x4C,0x26,0xD3,0xCB,0xAF,0xBE,0xDA,0x38,0x22,0x02,0x46,0x8F,0xFB,
  0x5F,0xDF,0x7C,0xF3,0xCD,0x75,0x6B,0xD6,0x06,0x05,0x05,0xA1,0xCA,0xBA,0x0D,0xC2,
  0xBC,0x1E,0x1C,0x1C,0x9C,0x94,0x94,0x34,0x69,0xE2,0x44,0x54,0x62,0xBC,0xA9,0x8A,
  0x70,0x7C,0x0E,0xA8,0xCF,0xF9,0xF3,0xE7,0x59,0x96,0xC5,0x90,0x80,0xF1,0x8A,0x61,
  0x0C,0xCB,0xA8,0x54,0x2A,0x99,0x5C,0x8E,0x4A,0x26,0x41,0x92,0x24,0x7F,0xFC,0xF1,
  0xC7,0x29,0x93,0x26,0x4B,0x48,0x52,0xA1,0x50,0x08,0x39,0xB9,0x3C,0xAC,0x32,0x14,
  0x45,0xE9,0xF4,0xBA,0x82,0x82,0x82,0xD1,0x23,0x47,0xDD,0xBA,0x75,0xEB,0x61,0x89,
  0x22,0x04,0x96,0x46,0x12,0x04,0xED,0xA2,0x16,0xBC,0xBF,0x40,0xF8,0x0A,0x44,0x51,
  0x94,0x21,0xC0,0xB0,0x6F,0xDF,0xBE,0x4D,0x9B,0x36,0x41,0xEB,0x7C,0x25,0xEA,0x9A,
  0x26,0x30,0x54,0xFD,0x9B,0x6F,0xBE,0x11,0x48,0x24,0x54,0x62,0x49,0xD2,0x6A,0x75,
  0x55,0x7C,0x2F,0x41,0x10,0x6F,0xBF,0xFD,0xB6,0x4B,0xD8,0xC5,0x0E,0xB0,0x08,0x1F,
  0x3D,0x7A,0x84,0x61,0x18,0x8E,0x65,0xF7,0xEF,0xDB,0x27,0x24,0x8D,0x2E,0x8E,0xE3,
  0x36,0x9B,0xAD,0x6D,0xBB,0xB6,0x2F,0xBF,0xF2,0x32,0x72,0x33,0x78,0x80,0x4B,0xC3,
  0x27,0x9F,0x7C,0xB2,0x6E,0xCD,0xDA,0xE0,0xA0,0x60,0xD8,0x59,0x55,0xA5,0x39,0x14,
  0x45,0x05,0x05,0x05,0xED,0xDB,0xB3,0xEF,0xBD,0xF9,0xF3,0x51,0x1D,0xF3,0x5E,0x62,
  0x18,0x86,0x24,0x49,0xBB,0xDD,0x7E,0xF0,0xE0,0x41,0x95,0x4A,0xC5,0xB0,0x9E,0xA9,
  0x82,0x21,0xC4,0xB2,0xAC,0x4E,0xA7,0x93,0x4A,0x24,0x7C,0x09,0xD7,0x53,0x53,0xA7,
  0xC7,0x4F,0x83,0xCB,0x74,0xAA,0xEE,0x23,0x4D,0xD3,0xB4,0x4A,0xA5,0x32,0x1A,0x8D,
  0x13,0xE2,0x5E,0x82,0x44,0x11,0x95,0xEB,0x02,0x86,0x61,0xB4,0x5A,0xED,0xE1,0xC3,
  0x87,0x53,0x2E,0xA4,0xA8,0xD5,0x6A,0xE1,0x92,0xA7,0x19,0x5A,0xAB,0xD5,0x2E,0x5B,
  0xB6,0x2C,0x3B,0x3B,0xDB,0x87,0x61,0x1B,0x35,0x41,0x60,0x68,0x24,0xE4,0x37,0x93,
  0x4A,0xA5,0xC9,0xC9,0xC9,0x9B,0xBF,0xD8,0xAC,0xD3,0xE9,0x04,0x75,0x2D,0x86,0x41,
  0xBA,0xAC,0xE0,0x90,0xE0,0xAA,0xD4,0x01,0xCE,0x1E,0x03,0x62,0x63,0x06,0xC4,0x0C,
  0x10,0xE2,0x07,0xC6,0xB2,0xAC,0x5C,0x2E,0xBF,0x76,0xF5,0xDA,0xED,0xB4,0xB4,0x0B,
  0x17,0x2F,0xFE,0xF1,0xC7,0x1F,0x42,0x08,0x8C,0x61,0x18,0x45,0x53,0x73,0xE7,0xCD,
  0x83,0x39,0x1E,0x66,0x0A,0x18,0x8E,0xC7,0x8E,0x1D,0x5B,0xFC,0xF1,0xA2,0xC0,0xC0,
  0x40,0x9A,0xF1,0xCD,0xEC,0x4B,0x51,0x54,0x60,0x50,0xE0,0xE7,0xAB,0x3F,0x3F,0xF2,
  0x43,0x2D,0x07,0xC4,0x63,0x25,0x77,0x5C,0x42,0x17,0x83,0x6C,0x17,0xBC,0xBF,0xE0,
  0x4E,0xDA,0x6D,0x81,0xB9,0x87,0x61,0x51,0x0A,0x0E,0x0E,0x41,0x25,0x3A,0x67,0x9A,
  0xA6,0x67,0xCE,0x98,0x69,0xB5,0x5A,0xA5,0x52,0xA9,0xAF,0xA6,0x27,0x9A,0xA6,0xB5,
  0x5A,0xED,0x95,0x2B,0x57,0xDE,0x7E,0xEB,0x2D,0x54,0x85,0x59,0x0F,0xC3,0xB0,0x9B,
  0x37,0x6F,0x0A,0x3A,0xC1,0xB9,0x81,0xE3,0x38,0x99,0x4C,0x96,0x95,0x79,0x7F,0xF5,
  0xEA,0xD5,0x55,0x79,0x7B,0x29,0x54,0x3B,0x81,0x31,0x84,0xD4,0x6A,0x35,0x42,0x08,
  0x6C,0x24,0xC7,0x8E,0x1D,0x9B,0x34,0x61,0x22,0x07,0xCE,0xEE,0xC2,0x44,0x40,0x51,
  0x54,0x60,0x60,0x60,0x48,0x48,0x88,0x4F,0xEA,0xF3,0xCE,0x3B,0xEF,0x28,0x14,0x0A,
  0x56,0xC0,0x70,0x87,0x5D,0xF4,0xE9,0xD3,0xA7,0x8F,0xFC,0xF0,0x83,0xD3,0xE9,0xF4,
  0xB8,0x6E,0x93,0x24,0x59,0x58,0x58,0x38,0x7C,0xF8,0xF0,0x3E,0x7D,0xFA,0xF0,0xCA,
  0x46,0xB8,0x71,0xC2,0x62,0xB1,0xBC,0xFD,0xD6,0x5B,0x12,0x89,0x04,0xF9,0xD4,0xA3,
  0x1B,0xC6,0xC4,0xFB,0xEF,0xBD,0x57,0x54,0x54,0x54,0x8B,0x01,0xF1,0x1C,0xE2,0x24,
  0xA4,0x04,0x95,0x74,0x31,0x4D,0xD3,0xF3,0xE6,0xCE,0xFD,0x62,0xD3,0x26,0xBD,0x5E,
  0x2F,0x70,0x5A,0x81,0x69,0xBA,0x69,0xD3,0x26,0xA8,0x64,0x8F,0xB6,0x6C,0xE9,0xB2,
  0x73,0xE7,0xCE,0xE9,0x74,0x3A,0xDF,0x4E,0x4C,0x14,0x45,0x05,0x04,0x04,0xEC,0xF8,
  0x7A,0xC7,0xD1,0xA3,0x47,0xAB,0x32,0xEB,0x41,0x57,0x7A,0x0B,0x58,0xBD,0x77,0xEF,
  0xDA,0x9D,0x9D,0x9D,0xED,0xAB,0xFE,0xAA,0x46,0x02,0x17,0xAB,0x22,0x39,0xF6,0xF4,
  0xE9,0xD3,0xC9,0xC9,0xC9,0xDB,0xB6,0x6D,0x8B,0x7B,0x31,0xEE,0x85,0xF1,0x2F,0x58,
  0x2C,0x16,0xA9,0x4C,0x26,0xFC,0x6E,0x14,0x97,0xCB,0xF5,0xD8,0x63,0x8F,0xC9,0xE5,
  0xF2,0x2A,0x9E,0x1C,0xC0,0x8A,0xD0,0xAA,0x55,0xAB,0xB8,0xB8,0xB8,0x42,0xA3,0xE7,
  0x03,0x2D,0x64,0x14,0xD8,0xF1,0xF5,0x8E,0xA4,0x43,0x49,0x1E,0xBD,0x11,0x30,0x0C,
  0x73,0xB9,0x5C,0xFE,0x01,0x01,0x73,0xE7,0xCD,0x43,0x6E,0x8A,0x0A,0x18,0x22,0xCB,
  0x97,0x2D,0xBF,0x75,0xE3,0xA6,0x52,0xA9,0x14,0xD2,0x6A,0x82,0x20,0xC0,0xBC,0xE9,
  0xF1,0x9B,0x2C,0xCB,0x2A,0x95,0xCA,0xAB,0x57,0xAF,0xAE,0x5F,0xBF,0x1E,0x95,0x78,
  0x1D,0x55,0x45,0x44,0x95,0x00,0x1C,0x70,0x72,0x73,0x73,0x2F,0x5E,0xBC,0x78,0xE4,
  0x87,0x1F,0x96,0x2D,0x5B,0xD6,0xAB,0x67,0xAF,0xB5,0x6B,0xD6,0x6A,0xB5,0x5A,0xAF,
  0xF4,0x73,0x04,0x41,0xB4,0x69,0xD3,0x06,0x21,0x24,0x93,0xC9,0xD2,0xD2,0xD2,0x12,
  0xD7,0x27,0xFA,0xFB,0xFB,0x0B,0xEC,0x71,0xAF,0xEE,0x5E,0x02,0x2B,0xE6,0xD2,0x25,
  0x4B,0x51,0x89,0xB5,0xAF,0x72,0xAD,0xAE,0xDC,0x53,0x52,0xA9,0x34,0xEB,0xFE,0xFD,
  0x7D,0x7B,0xF7,0x21,0x1F,0xC5,0x4E,0x56,0xAF,0x1D,0x18,0xC3,0x30,0x8E,0xE5,0x66,
  0x4E,0x9F,0xC1,0x30,0x0C,0x44,0x8A,0x6A,0x34,0x1A,0xE4,0xCD,0xFE,0x01,0x36,0x57,
  0x9D,0x3B,0x77,0xF6,0xEA,0xA9,0x87,0x01,0x58,0xF1,0xDA,0xBF,0x5F,0xDF,0x7F,0xE0,
  0x40,0x61,0x41,0x81,0x44,0x52,0x91,0x4F,0x15,0x1C,0x83,0xAF,0x5C,0xB9,0x02,0xEE,
  0x81,0x15,0xF7,0x19,0x41,0x10,0x05,0x85,0x05,0x1F,0x7C,0xF8,0x61,0x58,0x58,0x18,
  0x6F,0x6C,0x04,0x1B,0xD2,0xED,0xDB,0xB7,0xBF,0xDC,0xB6,0x4D,0x27,0xE0,0x9A,0x12,
  0xB0,0x6C,0x17,0x16,0x16,0xC2,0x83,0x1A,0x8D,0xC6,0xE3,0x40,0x61,0x18,0x46,0xA3,
  0xD1,0x6C,0xD9,0xBC,0x65,0xE2,0xC4,0x89,0xF0,0xFD,0x1A,0xE6,0x30,0x4C,0x22,0x29,
  0x29,0x29,0x03,0x63,0x62,0x21,0xB7,0xBB,0x52,0xA9,0x14,0xBE,0xF6,0xA2,0x92,0x2E,
  0xF6,0x0F,0xF0,0x6F,0xDB,0xAE,0x1D,0x7C,0xB2,0x76,0xCD,0x1A,0x53,0xA1,0x51,0xA0,
  0xD1,0x9E,0x20,0x08,0x87,0xC3,0x41,0x51,0x94,0x42,0xA1,0x10,0x62,0xA4,0x81,0x79,
  0x39,0xE5,0xFC,0xF9,0x03,0xFB,0xF7,0x0F,0x19,0x3A,0xB4,0x8A,0x83,0x0A,0x34,0x88,
  0xC2,0xF9,0x0C,0xC1,0x39,0x07,0x0F,0x1E,0x8C,0x9F,0x16,0xEF,0x13,0x83,0x70,0x4D,
  0x9C,0x81,0xE5,0x72,0xB9,0x5A,0xAD,0xF6,0xF7,0xF7,0xD7,0xE9,0x74,0xDE,0x46,0x69,
  0x30,0x0C,0xA3,0x51,0xAB,0x7B,0xF5,0xEA,0x85,0x7C,0x11,0xF1,0x8B,0x95,0xF8,0xC1,
  0xCD,0x9E,0x3D,0x4B,0x48,0x64,0x32,0x2C,0x2F,0x1E,0xE7,0x69,0x1C,0xC7,0xAD,0x56,
  0x6B,0xC7,0x0E,0x1D,0x67,0xCE,0x9C,0x89,0x1E,0x74,0xD6,0x45,0x08,0x6D,0xDE,0xBC,
  0xB9,0xA0,0xA0,0x40,0xE2,0x49,0x6F,0x01,0x75,0x63,0x39,0x36,0xEE,0xA5,0xB8,0x8F,
  0x17,0x2F,0x1A,0x36,0x6C,0x58,0x51,0x51,0x91,0xC7,0x16,0x71,0x1C,0x27,0x97,0xCB,
  0xEF,0xA4,0xDD,0x3E,0xB0,0x7F,0x3F,0xAA,0xA5,0x80,0x78,0x90,0x92,0x52,0xA9,0xD4,
  0xE9,0x74,0x70,0xE7,0x8E,0x57,0xD5,0xC0,0x70,0xCC,0x6E,0xB7,0xB7,0x6B,0xDB,0x0E,
  0xAE,0xC8,0xBA,0x7F,0xFF,0xFE,0x81,0x03,0x07,0x35,0x1A,0x41,0x7E,0x3E,0x18,0x86,
  0x99,0x4D,0xA6,0x46,0x8D,0x1A,0x75,0xED,0xD6,0x55,0x22,0x91,0xD8,0x6D,0x76,0x81,
  0x83,0x84,0x20,0x88,0xED,0xDB,0xB7,0xA3,0x2A,0x18,0x75,0x60,0xD9,0xB7,0x17,0xD9,
  0x5D,0x2E,0x17,0x81,0x7B,0x11,0xE2,0xAE,0x54,0x28,0xAF,0xFC,0xF1,0xC7,0xAD,0x5B,
  0xB7,0xE0,0xFE,0x90,0xAA,0xC9,0xBE,0x46,0x08,0xEC,0x6E,0x5B,0xF7,0xAE,0x72,0x38,
  0x6E,0xB3,0xD9,0xDA,0x75,0xE8,0xD0,0xAA,0x75,0x2B,0x5F,0xA5,0xCB,0x81,0xB5,0x71,
  0xE2,0xA4,0x49,0xD1,0xD1,0xD1,0x56,0xAB,0x55,0x88,0x9B,0xBB,0x90,0x19,0x87,0x61,
  0x99,0x79,0xF3,0xE7,0x41,0xFE,0x3D,0x18,0x13,0x30,0xAC,0x4D,0x26,0xD3,0x81,0xFD,
  0xFB,0x85,0x18,0x90,0xE1,0x2D,0x1B,0x36,0x6C,0xFC,0xE4,0xD3,0x4F,0xA7,0x4D,0x9B,
  0xB6,0x7E,0xE3,0x86,0x0F,0x3F,0xFC,0xD0,0x5E,0xE4,0x79,0x44,0xB2,0x2C,0x4B,0x4A,
  0xC8,0xBD,0x7B,0xF6,0xA2,0xDA,0xCB,0x6A,0xC0,0x77,0xB1,0x57,0x96,0x6D,0x00,0x8E,
  0xE1,0x14,0x4D,0x0F,0x7B,0x76,0x18,0xFC,0x9A,0x94,0x94,0x94,0x9D,0x9D,0x25,0xC4,
  0x5F,0x95,0x20,0x08,0xAB,0xD5,0x3A,0x7D,0xE6,0x8C,0x53,0xBF,0xFC,0xFC,0xDD,0x9E,
  0x3D,0x47,0x7E,0x3C,0xDA,0xFA,0x89,0xD6,0x42,0xAC,0x1B,0x0C,0xC3,0xA8,0x54,0xAA,
  0xE4,0xE4,0xB3,0x37,0x6E,0xDC,0xA8,0x9C,0x21,0x1D,0x0E,0xED,0x45,0x45,0x45,0x2D,
  0x9A,0xB7,0x68,0xD4,0xA8,0x91,0xD9,0x62,0x16,0x3E,0x11,0x10,0x24,0x61,0x34,0x1A,
  0xCF,0x9E,0x3D,0x8B,0x7C,0xA1,0x10,0xA9,0x8B,0x8E,0x78,0x7F,0x57,0x0E,0xC7,0x29,
  0x8A,0x7A,0x31,0xEE,0x45,0xE4,0x53,0x4B,0x09,0x70,0xE9,0xED,0x39,0xEF,0xF8,0xE4,
  0xD0,0x48,0x92,0xA4,0xD1,0x68,0x1C,0x31,0x72,0x64,0xCF,0x5E,0xBD,0xDC,0x1D,0xE5,
  0xA0,0xC2,0x27,0x4E,0x9C,0xF8,0x2B,0xFD,0x2F,0x21,0x3B,0x70,0x93,0xC9,0x34,0x69,
  0xCA,0xE4,0xBE,0xFD,0xFA,0xBA,0x5C,0x2E,0xF0,0x34,0x9A,0x34,0x65,0x72,0x6C,0xEC,
  0x40,0x8F,0xCE,0x27,0x1C,0xC7,0x29,0x95,0xCA,0x8B,0x17,0x2F,0xFE,0x95,0x9E,0x5E,
  0x37,0x3D,0x2B,0x2B,0x00,0x86,0x61,0x8E,0xA2,0xA2,0xA8,0xA8,0xC8,0x21,0xC3,0x86,
  0xC2,0x27,0x47,0xBE,0xFF,0x41,0x42,0x4A,0x3C,0x76,0x37,0x84,0x10,0xF7,0xE9,0xDB,
  0x67,0xC1,0xC2,0x85,0x12,0x89,0x84,0xA6,0xE9,0x88,0x88,0x88,0xF5,0x1B,0x37,0x68,
  0x75,0x5A,0x21,0x71,0xC8,0x24,0x49,0x9A,0x8C,0xC6,0x13,0x3F,0xFD,0x84,0xBC,0x1F,
  0x5A,0xB0,0x72,0xE2,0x38,0xBE,0x66,0xDD,0xDA,0x63,0x3F,0x1D,0xFF,0xF9,0xD7,0x5F,
  0x66,0xBD,0x36,0xDB,0x6A,0xF3,0xBC,0x18,0xB8,0x23,0xE5,0x7C,0x8A,0x4F,0x04,0x58,
  0x77,0xFB,0x1B,0xF6,0xA5,0x1D,0x3A,0x74,0x18,0x31,0x62,0x04,0xF2,0x69,0x34,0x3F,
  0xA8,0x1F,0x7B,0xF7,0xEE,0x3D,0x64,0xC8,0x10,0xAF,0xD2,0x83,0x94,0x05,0xE8,0xAE,
  0x0C,0x06,0xC3,0xDC,0xB9,0x73,0x51,0x79,0xFB,0xB1,0x63,0xC7,0x8E,0x09,0x29,0x07,
  0x8E,0xB2,0xA3,0x47,0x8F,0x86,0x86,0xF3,0xCB,0xC2,0xB8,0x71,0x63,0x3D,0x3E,0xCB,
  0x47,0x5C,0xFE,0xEF,0x7F,0xE7,0x50,0x1D,0xB3,0x09,0x7B,0x04,0x41,0x10,0x16,0xAB,
  0x75,0xCA,0x94,0x29,0x1A,0xB5,0x06,0x21,0x94,0x9D,0x9D,0x0D,0x16,0x3B,0x8F,0x4B,
  0x13,0xC7,0xB2,0x04,0x49,0xBC,0xFE,0xC6,0x1B,0xA8,0xC4,0x67,0xCB,0xE5,0x72,0x35,
  0x6E,0xDC,0x38,0xEE,0xC5,0x38,0x21,0xFE,0x76,0x20,0xB4,0x5F,0x4F,0x9F,0x46,0x08,
  0x61,0x5E,0xCE,0x7A,0x10,0x77,0xF1,0xEA,0xAB,0xAF,0x0E,0x1D,0x3A,0x14,0x6C,0x84,
  0x73,0xE6,0xCC,0xE9,0xF3,0x4C,0x1F,0x8B,0xC5,0x22,0x64,0x2C,0x81,0x2A,0xEB,0xDA,
  0xB5,0x6B,0x08,0x21,0xA2,0xCA,0x13,0x6E,0xDD,0x25,0x30,0x9C,0x09,0xE7,0xCE,0x9B,
  0xFB,0xB0,0xCB,0x0A,0xAB,0x58,0x38,0x42,0xE8,0xED,0x77,0xDE,0x56,0x6B,0x34,0x0C,
  0xC3,0x08,0xF2,0x16,0x2A,0x0F,0x04,0x41,0x98,0xCC,0xA6,0x59,0xB3,0x67,0x37,0x68,
  0xD0,0xC0,0xDD,0xEF,0x0A,0xD4,0xAA,0x2E,0x97,0x2B,0xE5,0x7C,0x8A,0x5C,0x2E,0x17,
  0xA2,0xC1,0x6E,0xD8,0xA8,0x11,0xC4,0x9D,0x41,0x40,0x12,0x18,0x2A,0xDA,0xB5,0x6B,
  0xEF,0xEF,0xEF,0x4F,0x09,0x70,0x3E,0xE1,0x38,0xEE,0xDC,0xB9,0x73,0xBE,0x95,0x52,
  0x75,0x03,0x0C,0x6C,0x1D,0x3B,0x75,0x8A,0x8F,0x8F,0x07,0x11,0xFD,0x79,0xE5,0x4A,
  0x5E,0x5E,0x9E,0x47,0x3F,0x07,0x1C,0xC7,0xAD,0x36,0x5B,0xA7,0xE8,0xE8,0x4E,0x1D,
  0x3B,0x02,0x15,0x51,0xC9,0xE1,0x68,0xF8,0x88,0xE7,0x3C,0x06,0x24,0xA0,0x92,0x44,
  0x5C,0x57,0xFF,0xFC,0xD3,0x6E,0xB7,0x4B,0xBC,0x49,0xC4,0x85,0x61,0x18,0x58,0xE0,
  0x9F,0x1F,0x37,0x16,0x95,0x8C,0x52,0x84,0xD0,0xA4,0xC9,0x93,0x05,0xEE,0x87,0x41,
  0x0D,0x7E,0xEF,0xDE,0x3D,0xB3,0xC9,0x8C,0xAA,0x7C,0x35,0x54,0x1D,0x25,0xB0,0x44,
  0x22,0xC9,0xCD,0xCD,0x9D,0x31,0x73,0x46,0xA9,0x7D,0xA9,0xAF,0x00,0x26,0xA5,0xA6,
  0x8F,0x3D,0x36,0x69,0xCA,0x24,0xA3,0xD1,0x48,0x90,0x95,0x29,0x1F,0xC7,0x71,0xAB,
  0xC5,0x12,0x1D,0x1D,0x3D,0x7D,0xC6,0x74,0xF4,0xE0,0x1E,0x01,0x7A,0xE5,0xCE,0xED,
  0x3B,0xF7,0x32,0x32,0x3C,0x1E,0xE7,0x60,0x4B,0xA6,0x50,0x28,0x32,0xEE,0xDE,0xFD,
  0x2B,0xFD,0x6F,0xDC,0xCB,0xC8,0xC8,0xC9,0xCE,0x16,0xE2,0x70,0x0A,0x63,0x22,0xF5,
  0xDA,0x35,0x54,0x27,0x3D,0x2B,0x1F,0x26,0x3D,0x9A,0xA6,0x49,0x09,0xB9,0xFC,0x93,
  0xE5,0x38,0x41,0xD0,0x14,0x85,0x10,0xFA,0xF3,0xCF,0xAB,0x10,0x25,0xEE,0xF1,0x59,
  0x97,0xCB,0xD5,0xA3,0x47,0x0F,0xE4,0xA6,0xB7,0x83,0xA7,0x9A,0x37,0x6F,0xDE,0xF4,
  0xB1,0xA6,0x0E,0x87,0xA3,0xE2,0x42,0x40,0x62,0x39,0xD9,0x39,0x77,0xEF,0xDE,0xF5,
  0xEA,0x18,0x85,0x61,0x98,0xC3,0xE1,0x68,0xD9,0xB2,0x55,0x68,0x68,0x28,0xE8,0x65,
  0xA0,0xDF,0x3B,0x46,0x77,0x6C,0xD0,0xB0,0xA1,0x10,0x7F,0x01,0x98,0xDC,0x4D,0x46,
  0x63,0x6E,0x6E,0x2E,0xAA,0xF2,0x31,0xB8,0x2E,0x26,0x01,0x94,0x48,0x24,0x39,0x39,
  0x39,0x03,0x07,0x0D,0x5A,0xB0,0x70,0x21,0xAA,0x36,0xC5,0x0C,0xC8,0x7D,0xF6,0xAC,
  0xD9,0xFB,0xBE,0xDB,0x9B,0x9D,0x9D,0x2D,0x44,0x6B,0x52,0x16,0x2C,0xC7,0xCD,0x9F,
  0x3F,0x1F,0xF6,0x08,0x65,0x09,0x7C,0xF3,0xE6,0x0D,0xAB,0xD5,0xEA,0xD1,0xA6,0x02,
  0x5E,0x5F,0xB7,0xD3,0xD2,0xFA,0xF4,0x7E,0x86,0x43,0xE8,0x81,0xDD,0x00,0x57,0xEC,
  0x99,0x54,0x71,0xDD,0xF8,0x49,0xDD,0x66,0xB3,0xA9,0x54,0xAA,0xEA,0x10,0x97,0x6F,
  0x01,0xB3,0x8C,0xD9,0x6C,0x4E,0x4C,0x4C,0x6C,0xDB,0xB6,0x2D,0x4D,0xD3,0x04,0x49,
  0x22,0x84,0x40,0x37,0x2B,0x64,0xC2,0x22,0x49,0xB2,0xCD,0x13,0x4F,0xA0,0x07,0x8F,
  0x2D,0x20,0xAB,0x16,0xCD,0x5B,0x5C,0xBA,0x78,0xC9,0xA3,0x1C,0x40,0xEF,0x90,0x9E,
  0x9E,0xDE,0xAC,0x59,0x33,0xE1,0x35,0x87,0x15,0xB8,0x59,0xB3,0xC7,0x51,0x49,0x20,
  0x31,0x54,0xD8,0x4F,0xEF,0x17,0x15,0x15,0x99,0x75,0xFF,0xBE,0x40,0xF5,0x9B,0xCD,
  0x66,0xCB,0xCE,0xC9,0x6E,0xD2,0xB4,0xC9,0x3F,0x6A,0x05,0xC6,0x71,0x9C,0x24,0xC9,
  0x9C,0x9C,0x9C,0xBE,0xFD,0xFA,0x6E,0xDE,0xB2,0x19,0x64,0x54,0x4D,0x86,0x4D,0xD8,
  0xFC,0x68,0x34,0x9A,0xD7,0xFF,0xFD,0x3A,0xC4,0x79,0x79,0xF5,0x38,0xF8,0x5D,0x8D,
  0x1E,0x33,0xA6,0x7B,0x8F,0x1E,0x65,0xF7,0x08,0xC5,0x2B,0xF0,0x9D,0x74,0xE1,0x7A,
  0x32,0x8E,0xE3,0x5C,0x14,0x45,0x51,0x14,0xE5,0x72,0xFB,0xE7,0x29,0xD2,0xE5,0xEF,
  0xFA,0x10,0xA4,0xD1,0x64,0xCC,0x2F,0x28,0x40,0x3E,0x75,0xF6,0xAA,0x0E,0x40,0x66,
  0x25,0x8B,0xC5,0xB2,0x6C,0xD9,0xB2,0x11,0xA3,0x46,0xC2,0x31,0x12,0xA4,0x94,0x95,
  0x95,0x45,0x0A,0xE8,0x08,0x86,0x61,0x14,0x0A,0x45,0x58,0x58,0x38,0x7A,0x90,0xC0,
  0xD0,0xF0,0xA8,0x26,0x51,0x42,0x86,0x0D,0x0C,0x80,0xCC,0x7B,0x99,0x5E,0x55,0x1E,
  0xE8,0xDA,0x28,0x2C,0x0C,0xB9,0xC9,0x19,0xF6,0xFF,0x8D,0x1A,0x85,0x09,0xCC,0xE3,
  0x07,0xAF,0x36,0x16,0x16,0x56,0x5D,0x98,0x75,0x85,0xC0,0x40,0x5D,0xA7,0xD3,0x99,
  0x97,0x97,0x17,0xF7,0x52,0xDC,0xAE,0xDD,0xBB,0xC1,0x09,0xB6,0x5A,0xD5,0xAA,0x70,
  0xD6,0x1A,0x37,0x7E,0x7C,0xD7,0xAE,0x5D,0x84,0x27,0xCA,0x44,0x25,0xFB,0xA8,0xC0,
  0xA0,0xA0,0x39,0xEF,0xCE,0x41,0xE5,0xE9,0xAE,0xE0,0x93,0x7B,0xF7,0x32,0xBC,0xBA,
  0xFF,0x16,0x2F,0x0F,0x42,0x1E,0xE4,0x38,0x0E,0x27,0x70,0x9B,0xCD,0x5E,0x58,0xB7,
  0x09,0x0C,0x59,0x84,0x0A,0x0B,0x0B,0x25,0x52,0xC9,0xA6,0xCD,0x5F,0x4C,0x9C,0x3C,
  0x89,0x9F,0xFB,0xA0,0xA5,0x85,0x05,0x9E,0x83,0x4C,0xF9,0x13,0x87,0x4E,0xAF,0x43,
  0x0F,0x0A,0x9F,0x0F,0x1D,0x15,0x2E,0xF6,0x9C,0x9C,0x6C,0xAF,0x9A,0xC0,0x71,0x1C,
  0x8E,0x61,0x86,0x80,0x00,0xF7,0x57,0xC3,0xBB,0x02,0x83,0x02,0x85,0xAF,0x37,0x1C,
  0xCB,0xDA,0x6C,0xF6,0xAA,0x8B,0xB4,0x36,0x09,0x0C,0xA6,0x70,0xD0,0xD9,0x14,0x15,
  0x15,0xE5,0xE6,0xE6,0x06,0x07,0x07,0xAF,0x4B,0x4C,0x5C,0xB9,0x6A,0x15,0xAA,0xA9,
  0x74,0x13,0x30,0x77,0xBE,0xFB,0xEE,0xBB,0x1E,0x55,0x4D,0x0F,0x48,0x0D,0xC7,0x1D,
  0x0E,0xC7,0x9C,0x77,0xDE,0x09,0x09,0x09,0x29,0x1B,0x33,0xC8,0xC3,0x6C,0xB1,0x78,
  0xB5,0x7D,0xE0,0xCA,0x83,0x70,0x61,0x32,0x0C,0x63,0xB7,0xFB,0x60,0x4C,0xF8,0x10,
  0x7C,0x5E,0x11,0x98,0x2B,0x4D,0x26,0x93,0xC9,0x64,0x1A,0x30,0x60,0xC0,0xD1,0xA3,
  0x3F,0x0E,0x1E,0x3C,0xD8,0xDD,0x63,0x1C,0x21,0x44,0x51,0x94,0xCD,0x66,0xC3,0x71,
  0x82,0xF3,0xE4,0x25,0x0F,0x04,0x56,0x3F,0x64,0x93,0xAC,0xD7,0xEB,0x09,0xC2,0xF3,
  0xC8,0x01,0xAF,0x35,0x73,0x49,0xA6,0x17,0x2F,0x1A,0x85,0xE3,0x72,0xB9,0xA2,0xEC,
  0xE7,0x1A,0xB5,0x5A,0xB8,0x58,0x58,0x8E,0x33,0x99,0x4C,0xA8,0x5E,0x9C,0x81,0x09,
  0x82,0x40,0x18,0x86,0xDC,0x2A,0x0A,0x89,0x3F,0x29,0x8A,0x72,0xB9,0x5C,0x14,0x45,
  0xC9,0x64,0xB2,0xE6,0x2D,0x9A,0x8F,0x1A,0x3D,0xFA,0xC5,0x17,0x5F,0x04,0xAF,0x63,
  0x6F,0x2F,0x61,0xA9,0x4A,0xDD,0x58,0x96,0xED,0xD2,0xB5,0x6B,0xCB,0x96,0x2D,0x2F,
  0x5D,0xBA,0x24,0xD0,0x5D,0x19,0xFA,0x3E,0xC0,0x60,0x78,0xD8,0x17,0x80,0xB7,0x16,
  0xB3,0xA5,0x26,0x0D,0xB3,0x2C,0xCB,0x38,0x9D,0xCE,0x1A,0x7B,0x5D,0xA9,0xF6,0x96,
  0x5D,0x39,0xC1,0xB5,0x03,0x7A,0x99,0x61,0x59,0x7F,0x3F,0xBF,0x98,0xD8,0xD8,0x89,
  0x93,0x26,0xF6,0xEE,0xDD,0x1B,0xB9,0x25,0x06,0xE3,0xC1,0x30,0x0C,0xC3,0x32,0x08,
  0x13,0x94,0xAA,0x81,0x20,0x88,0x87,0x99,0x7F,0x24,0x12,0x89,0xF0,0x15,0x58,0x88,
  0xBB,0x5B,0x29,0x3C,0xB4,0x64,0xAF,0x94,0x61,0x08,0x51,0x34,0xE5,0xED,0xAB,0xCB,
  0xA2,0x26,0x08,0x6C,0x34,0x1A,0x59,0x86,0xE1,0x9B,0x47,0xE0,0x38,0x41,0x92,0x4A,
  0x95,0x32,0x34,0x30,0x34,0x32,0x2A,0xAA,0x53,0xC7,0x8E,0x3D,0x9E,0x7E,0x3A,0xFA,
  0xC9,0x68,0x3E,0x07,0x67,0x4D,0xA6,0x5C,0x84,0xD7,0x25,0x1D,0x4A,0xBA,0x78,0xF1,
  0xA2,0xC0,0x04,0xA8,0x00,0x09,0x49,0x2E,0x5C,0xB8,0xA0,0xF7,0x33,0xBD,0x95,0x4A,
  0x65,0x39,0x1E,0xC8,0x18,0x42,0x08,0x15,0xD9,0xED,0x5E,0x6D,0xA1,0xAB,0x02,0x0C,
  0xC3,0x58,0x96,0xA3,0x28,0x1F,0x8C,0x89,0x4A,0xBC,0xDA,0xE5,0x72,0xD9,0x6C,0x36,
  0x5E,0x08,0x18,0x86,0x11,0x38,0x2E,0x91,0x4A,0x35,0x5A,0x4D,0x64,0x48,0x54,0x8B,
  0x16,0xCD,0x9F,0xEA,0xD2,0xE5,0xE9,0xA7,0x9F,0x8E,0x88,0x88,0x40,0x25,0xBB,0x9E,
  0xB2,0xC1,0x24,0x1C,0xE2,0x38,0x01,0x69,0x43,0x3D,0x82,0xA6,0x69,0x8E,0x13,0xE6,
  0x23,0x89,0x61,0x74,0xA5,0x2C,0x94,0xE5,0x96,0xCD,0x32,0x5E,0x58,0xE0,0x7D,0x35,
  0x26,0xAA,0x97,0xC0,0xA0,0x67,0x9F,0x33,0x67,0x4E,0x60,0x50,0x20,0x45,0xD1,0x08,
  0x21,0x99,0x4C,0xE6,0xEF,0xEF,0xA7,0xD5,0xE9,0x82,0x83,0x83,0x83,0x83,0x83,0xD5,
  0x6E,0xBB,0x0E,0x08,0x25,0xAD,0x49,0xF6,0x82,0x42,0x9F,0xA6,0xE9,0xC5,0x8B,0x17,
  0x79,0x9B,0xA0,0x4B,0xA9,0x52,0xDD,0x48,0xBD,0xF1,0xC9,0xF2,0xE5,0x73,0xE7,0xCD,
  0x03,0x35,0xCC,0x83,0x45,0x17,0x67,0x30,0x44,0x82,0xBD,0x6D,0xAB,0xB8,0xE9,0x20,
  0x70,0x5C,0x2A,0x95,0xC8,0xE5,0xF2,0x1A,0x93,0x1E,0x00,0x8E,0x3F,0x6D,0xDA,0xB4,
  0x89,0x8B,0x8B,0x2B,0x72,0x38,0x70,0x1C,0x43,0x08,0x69,0xB4,0x5A,0xBD,0x4E,0xE7,
  0xEF,0xEF,0x1F,0x12,0x1A,0x1A,0x18,0x14,0x44,0xBA,0x79,0xA7,0x81,0xCC,0x1F,0xD2,
  0x04,0x2F,0x7A,0xBF,0x82,0x4B,0x18,0x84,0x6B,0xFE,0x10,0x42,0xB8,0xF7,0x2A,0xD2,
  0x87,0xF9,0x30,0x3B,0x1C,0xDE,0x2D,0xE6,0xBE,0x71,0x0D,0xAE,0x7A,0x11,0x15,0xB4,
  0x13,0x08,0x3C,0x61,0xE2,0x44,0x3F,0x7F,0xBF,0x72,0xBF,0xC3,0x67,0x81,0x83,0xC3,
  0x70,0xF5,0x55,0xA6,0x5C,0x00,0xF1,0xD6,0xAD,0x5B,0xF7,0xFB,0xE5,0xDF,0x21,0xFB,
  0x99,0xF0,0x67,0x69,0x9A,0xD6,0xFB,0xE9,0xD7,0x27,0xAE,0x7F,0xEE,0xB9,0x11,0x2D,
  0x5B,0xB5,0x2C,0xF7,0xC4,0xAE,0x52,0x0B,0x5D,0xD2,0x8B,0x17,0x31,0xBB,0x0D,0xC3,
  0x84,0xE4,0xBB,0x2E,0xA7,0x00,0x1C,0xC3,0x6C,0x76,0x5B,0x0D,0x0B,0x10,0x6A,0xEE,
  0x74,0x3A,0x9B,0x34,0x69,0x32,0x76,0xFC,0xB8,0x87,0x7D,0x07,0x2E,0x49,0xA8,0x40,
  0x27,0x07,0x1C,0x22,0x49,0x52,0x2A,0x95,0x72,0x2C,0x2B,0x24,0xDF,0xA8,0xC3,0xE1,
  0x28,0xB2,0x17,0xE9,0x74,0xE5,0xE4,0x69,0x81,0x70,0x2E,0x41,0xB5,0xE7,0x38,0xB9,
  0x42,0x21,0xE8,0x9B,0x6E,0x60,0x59,0xD6,0x62,0xB5,0x22,0xB7,0xBD,0x34,0xCC,0xD1,
  0xF9,0xF9,0x05,0xB8,0xB0,0x0D,0x17,0x6C,0xD9,0xB4,0x1A,0x2D,0xAA,0x42,0x34,0x05,
  0xA0,0x1A,0x39,0xC3,0x67,0x48,0x2D,0x34,0x16,0xFA,0xF9,0xFB,0x81,0x3B,0x91,0xFB,
  0x2E,0x8B,0xBF,0x8A,0xA2,0xFA,0xEA,0x50,0x01,0x20,0x64,0x2F,0x3B,0x2B,0x7B,0xF5,
  0x67,0xAB,0xB5,0x5A,0x6D,0x25,0x9C,0xBD,0xC0,0x99,0x7E,0xE1,0x82,0x05,0x3B,0xBE,
  0xD9,0x59,0x6E,0xDB,0xD5,0x02,0xE2,0x01,0x51,0x49,0xCC,0x46,0xE7,0xCE,0x9D,0x5F,
  0x9A,0x30,0x41,0x48,0xF4,0xC2,0xC3,0x40,0x33,0xF4,0xE3,0x8F,0x3F,0x8E,0x6A,0x3C,
  0xA4,0x01,0x66,0x1F,0x84,0x90,0xCB,0xE5,0x72,0xDF,0x74,0xF0,0xDD,0xED,0x79,0x5D,
  0x2D,0x99,0xEB,0xFD,0xFC,0xFC,0x18,0x01,0x59,0xE0,0x21,0xD7,0xBF,0xC9,0x64,0x0C,
  0x09,0x0D,0x71,0x3F,0xBF,0x80,0xB4,0xB3,0xB3,0xB3,0x85,0x84,0x55,0xC2,0x34,0x01,
  0x2C,0xF2,0xAA,0xB1,0x1C,0xC7,0xE5,0xE6,0xE4,0x94,0xFA,0x10,0x21,0x94,0x9D,0x9D,
  0x85,0x7B,0x73,0x6B,0x9F,0x5A,0x23,0x54,0xE9,0x55,0x01,0xAA,0x7D,0x05,0x46,0x25,
  0xFD,0x57,0x89,0x3B,0xBE,0xAB,0x15,0x50,0xB7,0x65,0x4B,0x97,0x66,0x67,0x65,0x09,
  0x0C,0x3D,0x2D,0x05,0x86,0x61,0x74,0x3A,0xDD,0xD1,0xA3,0x47,0xBF,0xDD,0xBD,0x7B,
  0xC4,0xC8,0x91,0x65,0xB5,0x32,0x7E,0x7A,0xBD,0x40,0x83,0x24,0x45,0x51,0xA1,0x0D,
  0x42,0x87,0x3F,0x37,0xDC,0x27,0x4D,0xAB,0xF9,0xB0,0x7E,0x9E,0xA8,0x95,0x3E,0x01,
  0x81,0x53,0x44,0x80,0x21,0x40,0x88,0xE5,0x1C,0xA6,0xBC,0x7B,0x99,0x99,0xCD,0x9A,
  0x37,0x77,0x9F,0x22,0xE1,0xC1,0xB4,0x5B,0x69,0xC2,0x23,0xF5,0xBD,0x4D,0xD5,0x04,
  0xD3,0x47,0x7A,0xFA,0x5F,0xFC,0xEB,0xE0,0x13,0x97,0xCB,0x95,0x9E,0x9E,0x2E,0x95,
  0x08,0x4A,0x00,0x04,0x8F,0x08,0xD7,0x5A,0x57,0x24,0x8A,0xAA,0x17,0x51,0x1F,0x01,
  0xBA,0xAB,0x94,0x0B,0x17,0xBE,0xFE,0xFA,0x6B,0xBD,0x5E,0x5F,0xE9,0x5C,0x1F,0x2C,
  0xC7,0x2A,0x95,0xCA,0x45,0x1F,0x2F,0xB2,0x5A,0x2C,0xEE,0x1E,0xBC,0xF0,0x43,0x58,
  0x78,0x38,0xC2,0x30,0x8F,0x3B,0x62,0xF0,0xA3,0xBA,0x73,0x27,0x1D,0xD2,0xA0,0x42,
  0x28,0x52,0xD9,0xD0,0x3C,0xDE,0xB0,0xC4,0x07,0xEE,0xF1,0xA0,0x4A,0x50,0x67,0x2D,
  0xC0,0x1E,0x01,0x35,0x6F,0x1C,0x11,0x21,0x90,0xC0,0x14,0x45,0x5D,0xF9,0xE3,0x0A,
  0x72,0xDB,0xC7,0xC2,0xE9,0x9A,0x61,0x98,0x6B,0xD7,0xAE,0x0A,0x71,0x87,0x02,0x77,
  0xAE,0x46,0x8D,0x1A,0x79,0x5B,0x4F,0xA9,0x54,0x0A,0x5E,0xAB,0xEE,0x36,0xB0,0xB4,
  0xDB,0xB7,0xEF,0xDE,0xBD,0x2B,0x95,0x09,0xF2,0xE7,0x03,0xDF,0xBB,0xC0,0xA0,0x20,
  0x54,0xE5,0xD9,0xF6,0x11,0x25,0x30,0x48,0xED,0xE3,0x8F,0xFE,0x2B,0xC4,0xF3,0xB6,
  0x02,0x70,0x2C,0xA7,0x50,0x28,0x6E,0xDD,0xBA,0xB5,0x74,0xE9,0x32,0xE4,0xE6,0x97,
  0x0B,0xE5,0x47,0x46,0x46,0x4A,0x24,0x24,0xCB,0x79,0xDE,0x13,0x4A,0xA5,0xD2,0x8C,
  0x8C,0x8C,0x82,0x82,0x02,0xC8,0x1F,0x00,0x80,0xCC,0x78,0x79,0x79,0x79,0x26,0x93,
  0xC9,0x6A,0xB1,0x16,0x15,0x15,0x15,0x15,0x15,0xB9,0x5C,0x2E,0x58,0xAC,0x48,0x37,
  0x48,0x4A,0x50,0x7F,0x09,0x0C,0x12,0x6B,0xD6,0xAC,0x99,0x10,0x5F,0x6E,0x96,0x63,
  0x25,0x12,0xC9,0x2F,0xBF,0xFE,0x82,0xDC,0xCE,0x0B,0xF0,0x54,0x6A,0x6A,0x6A,0xDA,
  0xAD,0x34,0x99,0x80,0x9C,0x4D,0x0C,0xC3,0xA8,0xD5,0xEA,0xA8,0xC8,0x28,0xAF,0xEA,
  0x09,0xDC,0x4B,0xBD,0x76,0xED,0xC6,0x8D,0x1B,0xA8,0x24,0x8F,0x1F,0x42,0xE8,0x87,
  0xEF,0xBF,0x37,0x9B,0xCC,0x42,0xF4,0x38,0x60,0xB1,0xD7,0x68,0x34,0x81,0x81,0x81,
  0xA8,0x2E,0x9F,0x81,0xEB,0x2C,0x60,0xAF,0xBB,0x77,0xEF,0xDE,0x9F,0x8E,0x1F,0xF7,
  0x13,0x90,0xE9,0xC6,0x63,0x69,0x7E,0x7E,0x7E,0x9B,0x36,0x6D,0x1C,0x31,0x72,0x44,
  0x9B,0x36,0x6D,0x60,0x6D,0x87,0x5E,0x69,0xDA,0xB4,0xA9,0x4E,0xA7,0xA7,0x5C,0xAE,
  0x8A,0x07,0x25,0x9F,0x2A,0xE9,0xEC,0xD9,0xB3,0xB1,0xB1,0xB1,0x14,0x45,0x49,0x24,
  0x12,0x97,0xCB,0x25,0x93,0xC9,0xD6,0xAC,0x59,0xB3,0x7C,0xD9,0xB2,0xA0,0xC0,0x20,
  0xDE,0xD0,0x4A,0x10,0x84,0x44,0x2A,0x91,0x4A,0x65,0x52,0xA9,0x04,0xC7,0x70,0x0C,
  0xC7,0x09,0x1C,0x97,0x48,0x24,0x4E,0xA7,0xB3,0xFF,0x80,0xFE,0x33,0x5F,0x7E,0xB9,
  0x9E,0x72,0x18,0x24,0xD6,0xBA,0x75,0x6B,0x21,0xB9,0x38,0x58,0x86,0x55,0xA9,0x54,
  0xBF,0xFD,0xF6,0x5B,0x6A,0x6A,0x6A,0xB3,0x66,0xCD,0x40,0xE6,0x90,0xE6,0x3E,0x29,
  0x29,0xC9,0x62,0xB1,0x78,0x54,0x49,0x82,0xEE,0x2D,0x2A,0x2A,0x2A,0xBC,0x71,0xB8,
  0xB7,0x2E,0x43,0x04,0x41,0x14,0x9A,0xCD,0x1B,0x36,0x6C,0x58,0xBC,0x78,0x31,0x4C,
  0xB5,0xC6,0xC2,0xC2,0x2D,0x5F,0x6C,0x16,0x92,0xB6,0x01,0x95,0xF8,0x51,0x06,0x05,
  0x05,0x05,0x04,0x04,0x54,0x5D,0x6E,0x8F,0x1C,0x81,0x61,0xE3,0xE4,0x74,0x3A,0x97,
  0x2E,0x59,0x2A,0x13,0x96,0xF4,0xD4,0x23,0x70,0x1C,0x77,0x39,0x5D,0x0B,0xDF,0x5F,
  0xB0,0xFB,0xBB,0x6F,0x61,0x28,0xC0,0xFF,0x61,0x61,0x61,0x51,0x91,0x91,0x97,0x2F,
  0x5F,0x06,0x5B,0xB1,0xC7,0x5A,0x7D,0xBE,0xFA,0xF3,0xD8,0xD8,0x58,0xA9,0x54,0x8A,
  0x10,0x92,0xC9,0x64,0x39,0x39,0x39,0x1B,0xD6,0x6F,0xA0,0x29,0x3A,0x27,0x27,0x87,
  0x5F,0x4F,0x4A,0x39,0x69,0xF1,0x5A,0x86,0xDC,0xDC,0xDC,0x7E,0x03,0xFA,0xA3,0xFA,
  0x16,0x0F,0xEC,0x2E,0x43,0x84,0x50,0xD3,0xA6,0x4D,0x23,0x23,0x23,0x53,0x53,0x53,
  0x3D,0x26,0xF1,0x25,0x08,0xC2,0x52,0x68,0x5E,0xFD,0xD9,0x67,0xAB,0x12,0x12,0x40,
  0x8B,0x26,0x95,0x4A,0x0B,0x0B,0x0B,0xB7,0x6D,0xDD,0x26,0x64,0x0A,0x00,0x3D,0x76,
  0xDB,0xF6,0xED,0xA4,0x52,0x29,0x3C,0x2B,0xBC,0xAA,0xA0,0xFB,0xD8,0xBE,0xED,0xCB,
  0x06,0x0D,0x1A,0xBC,0x30,0xFE,0x85,0x9C,0x9C,0xEC,0xB7,0xDE,0x7C,0x3B,0x33,0x33,
  0x53,0x60,0x9A,0x68,0xA8,0x6D,0x64,0x54,0x24,0x38,0x11,0x55,0x51,0x31,0xF4,0xC8,
  0x6D,0xA1,0xA1,0x6B,0x3F,0x5F,0xFD,0xF9,0xD5,0x3F,0xFF,0x54,0x09,0xF0,0xBB,0x72,
  0xD7,0x9C,0x57,0x50,0xA6,0x4E,0xA7,0xFB,0xE9,0xA7,0x9F,0x76,0xEC,0xD8,0xC1,0x07,
  0x88,0xC2,0x8B,0xBA,0x74,0xED,0xE2,0x74,0x38,0x85,0xA4,0xC5,0x51,0xA9,0x54,0x67,
  0x93,0x93,0x27,0x4F,0x9A,0x7C,0xED,0xEA,0xB5,0x7B,0xF7,0xEE,0x9D,0x38,0x71,0x62,
  0xCC,0x98,0x31,0x79,0xB9,0xB9,0x70,0xE7,0x9D,0xB4,0x04,0x32,0x99,0x4C,0xA1,0x50,
  0x28,0x95,0x4A,0x95,0x4A,0xA5,0x52,0xA9,0xD4,0x6A,0xB5,0x46,0xA3,0x51,0x2A,0x95,
  0x61,0x61,0x61,0xFD,0xFA,0xF5,0x43,0xB5,0x97,0x55,0xA7,0xEA,0x80,0x85,0xB4,0x47,
  0x8F,0x1E,0x1E,0x83,0x01,0x8B,0x65,0xAE,0xD7,0xEF,0xFA,0x66,0x57,0xE2,0xBA,0x75,
  0x70,0x53,0xA1,0xC3,0xE1,0x98,0x39,0x63,0x86,0xC0,0x78,0x20,0x40,0xDF,0xBE,0x7D,
  0x2B,0x57,0x55,0xD8,0x34,0x7D,0xF4,0xC1,0x87,0xDD,0xBB,0x75,0x8B,0x19,0x10,0xF3,
  0xBF,0xFF,0x9D,0x15,0x9E,0xE4,0x1D,0xB6,0xD0,0x4F,0x3C,0xD1,0x06,0xF9,0x62,0xB6,
  0x7D,0xB4,0x56,0x60,0x30,0x1D,0xDD,0xCD,0xC8,0x58,0xBB,0x66,0x8D,0x10,0xD3,0x51,
  0xF1,0x25,0xEB,0x1C,0x2B,0xF1,0x74,0x27,0x30,0xA4,0x59,0x5A,0xBC,0x78,0x71,0x4C,
  0x4C,0x8C,0x5E,0xAF,0xE7,0x38,0x0E,0x48,0x3F,0x60,0x40,0xCC,0xDA,0xB5,0xEB,0x84,
  0xF4,0x13,0xCB,0xB2,0x1A,0x8D,0xE6,0xE0,0x81,0x03,0x47,0x8F,0x1C,0x51,0xA9,0x54,
  0x05,0x85,0x85,0x24,0x41,0x28,0x95,0xCA,0xB2,0x95,0x2C,0x55,0x13,0x50,0xC9,0x76,
  0xEC,0xD4,0xE9,0xF1,0xC7,0x1F,0xAF,0xF9,0xAC,0x94,0x3E,0x04,0xD4,0x7C,0xF0,0x90,
  0x21,0xEB,0x37,0x6C,0x10,0x28,0x31,0x85,0x42,0xF1,0xDE,0xFC,0xF7,0x8E,0x1C,0x39,
  0x1A,0x19,0x15,0xF9,0xEB,0x2F,0xBF,0xDE,0xBA,0x79,0x53,0xC8,0xF2,0x0B,0xFB,0xE7,
  0xF0,0xF0,0xF0,0x2A,0x26,0x4B,0xD4,0xE9,0x74,0x90,0x91,0xDB,0x2B,0x1F,0x3E,0xC8,
  0x25,0xD0,0x29,0xBA,0x13,0xF2,0x85,0xBD,0xA0,0xBE,0xCE,0xD6,0x95,0x03,0x0C,0xFD,
  0xA5,0x8B,0x97,0xE4,0xE7,0xE5,0x09,0x99,0xA7,0x69,0x9A,0xD6,0xFB,0xF9,0x85,0x87,
  0x37,0xF6,0x78,0x49,0x17,0x64,0x87,0xFC,0xEB,0xF6,0x9D,0x25,0x8B,0x97,0x20,0xB8,
  0x51,0x9A,0x20,0x10,0x42,0x4F,0x75,0x79,0xAA,0x6D,0xDB,0xB6,0x76,0x61,0xF7,0xC8,
  0xB0,0x2C,0xAB,0xD5,0x6A,0x25,0x12,0x49,0x51,0x51,0x91,0x46,0xAD,0x16,0x72,0x17,
  0x04,0x42,0x08,0xC7,0x71,0xA7,0xD3,0x09,0x49,0xE1,0x6A,0xF1,0x7E,0x86,0xAA,0x03,
  0x34,0x05,0xD1,0x4F,0x46,0x47,0x47,0x77,0x12,0x92,0x6F,0x10,0xA0,0x52,0xA9,0x7E,
  0xF9,0xF9,0xE7,0x4D,0xEB,0x37,0xDE,0xFD,0xEB,0x2F,0x21,0x97,0x89,0xA3,0x12,0x03,
  0xFE,0x90,0x67,0x87,0xEA,0x74,0x3A,0x81,0x01,0x80,0xE5,0x82,0x77,0xFB,0xF5,0x2A,
  0x4D,0xB2,0xD3,0xE9,0x6C,0x14,0x16,0xD6,0xAE,0x5D,0x3B,0xE4,0x8B,0xED,0xD2,0x23,
  0x44,0x60,0x10,0x77,0x72,0x72,0xF2,0xEE,0x5D,0xBB,0xF4,0x7E,0x7E,0x1E,0x4D,0x47,
  0x04,0x41,0x58,0xCC,0x96,0x3E,0x7D,0x9E,0x99,0x30,0xE1,0x25,0x21,0xE9,0x8E,0x80,
  0xED,0x5B,0xB7,0x6C,0x49,0x49,0x49,0x01,0x05,0x32,0xD0,0xE9,0xA5,0x09,0x2F,0x39,
  0x9D,0x9E,0x77,0xD1,0x7C,0x25,0x41,0x53,0x05,0x3E,0x6A,0x1E,0xBF,0x0F,0x03,0x22,
  0x2C,0x2C,0x0C,0x32,0x87,0xD5,0xDF,0xFD,0x33,0x00,0x9A,0x1C,0x1F,0x3F,0x8D,0xA6,
  0x69,0xB8,0x17,0x56,0xC8,0x23,0x6A,0xB5,0xDA,0x3F,0xC0,0x5F,0xE0,0x25,0x2C,0x60,
  0x75,0x37,0x18,0x0C,0x53,0x26,0x4F,0xA9,0xBA,0xC4,0xBC,0xD5,0xA1,0x80,0xE7,0x69,
  0x8F,0xEE,0xDD,0x41,0xE3,0x25,0xAE,0xC0,0xDE,0x34,0x15,0xC7,0x11,0x42,0x8B,0xFE,
  0xFB,0xB1,0x17,0x49,0x02,0x70,0x34,0x70,0xE0,0xA0,0xBE,0xFD,0xFA,0x95,0xBB,0x95,
  0x2D,0xF7,0x15,0x34,0x4D,0x2F,0x78,0x7F,0x01,0x2A,0x09,0xEE,0x45,0x08,0x8D,0x19,
  0x33,0xA6,0x7D,0xC7,0x8E,0xC2,0x97,0x14,0xE4,0xCD,0xB0,0x80,0xE4,0x8C,0x71,0x2F,
  0xC5,0xC1,0x3D,0x06,0xF5,0x9D,0xC0,0xA0,0x69,0x1F,0x34,0x78,0x50,0xAF,0xDE,0xBD,
  0x8C,0x66,0xA1,0xF9,0x06,0xC1,0x30,0x2E,0x34,0xF3,0x01,0x49,0x16,0x1A,0x8D,0xF1,
  0xD3,0xE2,0x21,0x05,0x7F,0xE5,0x24,0x56,0x69,0xE2,0x81,0xB6,0x72,0xF8,0x88,0xE7,
  0x7C,0x25,0xB1,0xFA,0xDD,0xDF,0xC2,0x01,0x3B,0xA5,0x6F,0x76,0xEE,0x3C,0x75,0xEA,
  0x94,0xC0,0xD3,0xAF,0xC3,0xE1,0x68,0xD2,0xB4,0x69,0xE7,0x2E,0x9D,0x23,0x22,0x22,
  0xDA,0xB5,0x6F,0x6F,0xB7,0x7B,0x76,0x72,0x84,0xCB,0x6F,0x7E,0x3E,0x75,0x6A,0xDB,
  0xB6,0x6D,0x70,0x7E,0x06,0xDB,0xC6,0xBC,0xF9,0xF3,0xAA,0xE3,0xDE,0x13,0xF0,0x28,
  0x6C,0xDE,0xBC,0xF9,0x8C,0x97,0x8B,0x13,0xCA,0xD7,0x53,0x1B,0x92,0x3B,0xA0,0x09,
  0x0B,0x3F,0xF8,0x40,0xA1,0x50,0xF8,0x5C,0x68,0x90,0x46,0xA7,0x53,0x74,0xA7,0xD7,
  0x5E,0x7F,0x1D,0x55,0x21,0xD5,0x69,0xE5,0x2A,0x06,0xDA,0x8A,0x4E,0xD1,0x9D,0x20,
  0x9B,0x57,0xBD,0xB9,0x99,0xA1,0x2E,0x40,0x26,0x93,0xD9,0x6D,0xF6,0xE5,0xCB,0x97,
  0x0B,0xBF,0xA0,0xC8,0x6E,0xB3,0x0D,0x19,0x3C,0x58,0xAD,0x52,0x23,0x84,0x86,0x0D,
  0x1D,0x2A,0x70,0x1B,0x0C,0xEE,0x01,0xCB,0x96,0x2C,0xCD,0xCF,0xCF,0x87,0x5C,0x05,
  0x0C,0xC3,0xF4,0xEC,0xD9,0x73,0xE6,0xCB,0x33,0x73,0x73,0x73,0x2B,0x77,0x29,0x56,
  0xB9,0x80,0x01,0x44,0x51,0xD4,0xA2,0x45,0x8B,0x94,0x0A,0x65,0xAD,0x5C,0x8C,0x54,
  0x1D,0x80,0x5D,0x4C,0xCB,0x96,0x2D,0xDF,0x7F,0x7F,0x41,0x41,0x41,0x81,0x0F,0xA3,
  0xD3,0xC0,0xE1,0x51,0xA5,0x52,0xAD,0xFE,0x6C,0x35,0xD8,0x8D,0x2B,0x2D,0x31,0xB5,
  0x5A,0xCD,0x78,0x7F,0x78,0x06,0x07,0xB2,0x99,0x33,0x5F,0x46,0xBE,0xD3,0x56,0x3C,
  0x2A,0x04,0x46,0x08,0x25,0x7C,0x96,0x70,0xFD,0xFA,0x0D,0x81,0x9A,0x21,0x9A,0xA6,
  0x35,0x5A,0xED,0xE8,0x31,0x63,0xE0,0xD7,0xFE,0x03,0x06,0x40,0x7A,0x57,0x8F,0x0F,
  0x82,0x36,0xEB,0x6E,0x46,0xC6,0xA2,0x45,0x8B,0x90,0x5B,0x5E,0x91,0xF7,0xDE,0x7F,
  0x7F,0xE0,0xE0,0x41,0xBE,0xE2,0x30,0xF8,0x75,0xE4,0xE5,0xE5,0xCD,0x9D,0x3B,0xB7,
  0x67,0xEF,0x6A,0x49,0xDC,0x59,0x8B,0x20,0x49,0x92,0x65,0xD9,0x89,0x93,0x26,0xBE,
  0xFA,0xAF,0x7F,0x65,0xE5,0x64,0x93,0x12,0xB2,0xEA,0x73,0x13,0xC4,0x8D,0xD2,0x34,
  0xBD,0x7E,0xE3,0x86,0x66,0xCD,0x9B,0xF1,0xD7,0xA0,0x56,0xA2,0x1C,0x8B,0xC5,0x32,
  0xFC,0xB9,0xE7,0x5A,0xB7,0x79,0xC2,0x2A,0x2C,0x11,0x34,0xDF,0xA8,0xC2,0xC2,0xC2,
  0xFE,0x03,0xFA,0x0F,0x1C,0x34,0x10,0x7C,0xE9,0x7C,0x22,0xAB,0x7F,0x3E,0x81,0x81,
  0xAE,0x37,0x6E,0xDE,0x5C,0x9F,0x98,0xA8,0x17,0x76,0x5D,0x25,0x74,0xD2,0x33,0x7D,
  0x9E,0x69,0xDE,0xBC,0x39,0x28,0x93,0x22,0xA3,0x22,0xA3,0x3B,0x3F,0x69,0x17,0x96,
  0xFB,0x0E,0x7C,0xB3,0xB6,0x6F,0xFB,0xF2,0x6C,0xF2,0x59,0x77,0x75,0xD4,0xD6,0xAD,
  0x5B,0xFB,0x0D,0xE8,0x9F,0x95,0x9D,0x05,0x2B,0x73,0xA5,0x5B,0x04,0x75,0xC8,0xC9,
  0xC9,0x79,0xEB,0xAD,0xB7,0x5E,0x9D,0xF5,0x2F,0xC6,0x77,0xA3,0xA1,0xEE,0x00,0x18,
  0xFB,0xC1,0x87,0x1F,0xCC,0x98,0x31,0x23,0x3B,0x3B,0x07,0x26,0xAC,0x4A,0x97,0x26,
  0x91,0x48,0x6C,0x36,0x1B,0xCB,0x71,0x5F,0x6C,0xD9,0xFC,0xCC,0x33,0xCF,0x94,0x0D,
  0x3B,0xF1,0xAA,0x62,0x14,0x45,0x29,0x14,0xF2,0x55,0x09,0x09,0xA4,0x44,0x22,0xF0,
  0x14,0x0D,0x96,0x02,0x3F,0x3F,0xBF,0xFF,0x7E,0xFC,0xB1,0x6F,0x05,0x55,0x9D,0x04,
  0xAE,0x1B,0xE7,0x31,0x38,0x53,0x2D,0x59,0xBC,0xD8,0x58,0x68,0x14,0x78,0x33,0x3A,
  0xE8,0x81,0x27,0x4D,0x9A,0x8C,0xDC,0xEE,0x46,0x1A,0x36,0x74,0xA8,0xF0,0x98,0x07,
  0x1C,0x61,0x1C,0xCB,0x2E,0x58,0xB0,0x00,0x95,0x84,0x61,0x81,0x09,0x7A,0xE7,0xCE,
  0x9D,0x53,0xA6,0x4E,0xCD,0xCF,0xCF,0x77,0x3A,0x9D,0x95,0xA0,0x31,0x44,0x4D,0x5B,
  0x2C,0x16,0x87,0xC3,0xB1,0x74,0xD9,0xB2,0x77,0xDE,0x9D,0x03,0x39,0xD6,0x6A,0x5B,
  0xC6,0xBE,0x07,0x1F,0xCA,0xB6,0x78,0xF1,0xE2,0x05,0x0B,0xDE,0xB7,0x5A,0xAD,0x36,
  0x9B,0xCD,0x5B,0x89,0x61,0x18,0x46,0x12,0x24,0x86,0x61,0xB9,0xB9,0xB9,0xE1,0xE1,
  0xE1,0x7B,0xF7,0xED,0xED,0xDF,0xBF,0x7F,0x55,0xD8,0x8B,0x4A,0xB4,0x50,0x77,0xEE,
  0xA4,0x47,0x45,0x45,0xAD,0x4C,0x58,0x65,0xB5,0x5A,0x3D,0x6E,0x7F,0x60,0xBB,0xEE,
  0x28,0x2A,0x4A,0x48,0x48,0x88,0x88,0x88,0xF0,0xAD,0xAE,0xB1,0x32,0x05,0xF1,0x17,
  0xD8,0xF2,0x0E,0xF5,0x84,0xDB,0x3F,0xD2,0xED,0x43,0x40,0xA5,0xEF,0x3D,0x28,0x17,
  0x18,0x86,0xF1,0x65,0x13,0x0F,0xBE,0x88,0x2C,0x53,0x07,0x84,0x61,0x01,0xFE,0xFE,
  0xBF,0x5F,0xFE,0xFD,0xE0,0xFE,0x03,0x06,0x83,0x01,0x95,0x84,0xBC,0x55,0x00,0xA9,
  0x54,0x6A,0xB7,0xDB,0xBB,0x74,0xE9,0xD2,0xBD,0x47,0x77,0x60,0x32,0x88,0xBB,0x6F,
  0xBF,0x7E,0x8D,0x1A,0x35,0x02,0x1E,0x3E,0x10,0x49,0x50,0xFE,0x7B,0x91,0xDE,0xCF,
  0xFF,0xEC,0xD9,0xB3,0x5B,0xB7,0x6C,0x41,0x08,0x41,0x9F,0xC1,0x3A,0xBC,0x7C,0xF9,
  0xF2,0x0D,0x9B,0x36,0x86,0x84,0x86,0xE6,0xE5,0xE5,0x81,0xCB,0x11,0x8C,0xCB,0x72,
  0x5D,0xBE,0xE0,0x43,0x90,0x34,0x86,0x61,0x56,0xAB,0xB5,0x20,0xBF,0xA0,0x63,0x74,
  0xA7,0x83,0x87,0x0E,0x4E,0x8D,0x9F,0x0A,0x05,0x96,0xBB,0xBD,0xAC,0xA0,0x8F,0x1E,
  0xA8,0x36,0x41,0x94,0xCB,0x0A,0x0C,0xC3,0xF8,0xBF,0x96,0xED,0x5C,0xF7,0x5F,0x8B,
  0x4B,0x20,0x70,0x84,0x7C,0xDA,0xCD,0x25,0x1C,0xE6,0x38,0x6E,0xF6,0x6B,0xAF,0x7D,
  0xFB,0xDD,0x77,0xCD,0x5A,0x34,0xCF,0xCB,0xCB,0x03,0x55,0x22,0x2F,0xB1,0x72,0x9F,
  0x82,0x34,0x7A,0x40,0x9B,0xFC,0xC2,0x02,0x97,0xCB,0x15,0x3F,0x2D,0xFE,0xC7,0xE3,
  0xC7,0x3A,0x74,0xE8,0x50,0x45,0xF6,0x02,0x70,0x0C,0x87,0xDC,0x63,0x23,0x47,0x8E,
  0x5C,0xB3,0x6E,0xAD,0x8B,0xA2,0xAC,0x36,0xAB,0xA4,0x4C,0x95,0xF8,0x8E,0xB3,0x5A,
  0xAD,0x4E,0xCA,0xB5,0x66,0xDD,0xDA,0x01,0xB1,0x31,0xE5,0x24,0x6F,0xA9,0x1A,0x2A,
  0x53,0x96,0xB1,0xB0,0x30,0x3F,0x2F,0xCF,0xE3,0x61,0x12,0xC3,0x30,0x86,0x65,0x49,
  0x92,0x64,0x58,0x5F,0x7A,0x17,0xD0,0x34,0x9D,0x97,0x97,0x5F,0x3C,0xDE,0x1F,0xBE,
  0x9E,0x62,0x08,0x61,0x38,0x6E,0xB5,0xD9,0xEE,0x67,0xDE,0x5F,0xF1,0xE9,0xA7,0x85,
  0x85,0x85,0x42,0xAE,0x47,0x84,0xEE,0xB7,0x58,0x2C,0x93,0x26,0x4F,0x46,0x6E,0x99,
  0xBB,0x19,0x86,0x31,0x18,0x0C,0xDD,0xBB,0x77,0x5F,0xBB,0x76,0x6D,0x80,0xBF,0x3F,
  0xCB,0x30,0x1E,0xD7,0x71,0x1C,0xC3,0x28,0x9A,0x9E,0xF3,0xCE,0x9C,0xEE,0xDD,0x7B,
  0x40,0xA6,0x62,0x70,0x54,0x60,0x59,0x76,0xF8,0xF0,0xE1,0xFD,0xFB,0xF7,0xDF,0xB2,
  0x79,0xCB,0x8E,0xAF,0xBF,0xBE,0x7E,0xFD,0x3A,0xE5,0xA2,0x24,0x52,0x89,0x54,0x2A,
  0x85,0xC9,0x82,0x1F,0x04,0x7C,0xD8,0x20,0x5C,0x77,0xA6,0x56,0xAB,0x9F,0xEA,0xF2,
  0xD4,0x84,0x09,0x13,0x9E,0x1D,0x3E,0x1C,0x95,0x97,0x14,0x8E,0x07,0x24,0x51,0xC8,
  0xCB,0xCB,0x53,0x2A,0x14,0x1C,0xCB,0x56,0x20,0x22,0x82,0x24,0x73,0xF3,0xF3,0xCA,
  0xE6,0xB2,0x74,0x3A,0x5D,0x79,0xB9,0xB9,0x2C,0x4D,0x33,0x9E,0x5A,0x4A,0x12,0x44,
  0x41,0x61,0xA1,0xC5,0x62,0x41,0xBE,0xCB,0xF3,0xE4,0xDE,0x1D,0x08,0x21,0x86,0x61,
  0xBA,0x75,0xEF,0xF6,0xE3,0x8F,0x3F,0x7E,0xF9,0xE5,0x97,0xDB,0xB6,0x6C,0xBD,0x72,
  0xE5,0x8A,0xD3,0xE9,0x04,0xC7,0xD2,0x07,0x24,0xC6,0x71,0x2C,0xC7,0x41,0x70,0xA5,
  0xCB,0xE5,0xE2,0x38,0x2E,0x38,0x24,0x64,0xD8,0xF0,0x67,0xA7,0x4E,0x9D,0xDA,0xBA,
  0x75,0x6B,0x54,0x92,0x80,0xA5,0x8A,0x55,0xE2,0x10,0x87,0xE1,0x18,0x10,0x98,0xA2,
  0xA8,0x91,0x23,0x47,0x46,0x46,0x46,0xFE,0xFB,0xDF,0xFF,0xBE,0x74,0xE1,0xA2,0x5C,
  0x2E,0x97,0xC9,0x64,0x30,0x60,0x58,0x96,0xA5,0x69,0x1A,0x2E,0x2E,0x6E,0xDF,0xBE,
  0xFD,0xA2,0x25,0x8B,0xA3,0xA3,0xA3,0xAB,0x43,0x55,0xE1,0x75,0xCA,0x35,0x96,0x65,
  0xF7,0xEF,0xDD,0x67,0x32,0x99,0x84,0x6C,0x47,0x39,0x84,0x08,0x1C,0x1F,0x32,0x6C,
  0xA8,0x4F,0xEE,0x9E,0x86,0x12,0x0A,0x8D,0xC6,0x43,0x07,0x0E,0x08,0x1C,0x2C,0x18,
  0x86,0x3D,0xD1,0xE6,0x89,0xEB,0xA9,0xD7,0x31,0x1C,0x17,0xB4,0xA5,0xC7,0x30,0x8E,
  0x65,0x25,0x52,0x69,0xEC,0xC0,0x58,0x77,0x07,0x77,0x78,0xF5,0xAD,0x9B,0xB7,0x4E,
  0x9E,0x38,0x21,0x93,0xCB,0x39,0x61,0x9E,0x37,0x38,0x8E,0xDB,0xEC,0xF6,0x2E,0x5D,
  0xBB,0xB4,0x6E,0xDD,0xDA,0xBD,0xF9,0x7C,0x47,0x52,0x2E,0xEA,0xCC,0x6F,0x67,0x4E,
  0x9E,0x38,0x71,0xF1,0xE2,0xC5,0xF4,0x3B,0xE9,0x26,0x93,0xC9,0xE1,0x70,0x50,0x34,
  0x85,0x38,0x04,0xD7,0x23,0x29,0x95,0xCA,0x00,0x83,0xA1,0x69,0xD3,0x26,0xD1,0xD1,
  0xD1,0x3D,0x7B,0xF5,0x82,0x81,0x88,0x3C,0xA5,0xFE,0x63,0x59,0xF6,0xC0,0xFE,0x03,
  0xC6,0xC2,0x42,0x8F,0x7D,0x84,0xE1,0xB8,0xC3,0xE1,0x88,0x7E,0x32,0xBA,0x4D,0x9B,
  0x36,0x50,0x43,0xF8,0x3F,0xFD,0x4E,0xFA,0xF1,0x63,0xC7,0x84,0x38,0xAB,0x61,0x18,
  0xE6,0x74,0x39,0x9B,0x44,0x35,0xE9,0xD9,0xBB,0x57,0xF5,0x39,0x72,0xFE,0x9D,0x80,
  0x96,0xE5,0x7E,0xFB,0xED,0xCC,0xF1,0xE3,0xC7,0x53,0x52,0x52,0xEE,0xDC,0x49,0x37,
  0x19,0x8D,0x0E,0x87,0x03,0x8E,0x36,0x38,0x8E,0xCB,0x64,0x32,0xB5,0x5A,0x1D,0x12,
  0x1A,0xD2,0xB2,0x65,0xAB,0x6E,0xDD,0xBA,0xF5,0xEC,0xF9,0x74,0x70,0x48,0x08,0x3C,
  0xFE,0xB0,0x15,0x9B,0x2F,0xFC,0xCD,0x37,0xFE,0xB3,0x71,0xE3,0x46,0x7F,0x7F,0xFF,
  0x8A,0x67,0x79,0x98,0xDF,0x7B,0xF5,0xEE,0xB5,0xF3,0x9B,0x6F,0x20,0xB9,0x2A,0x49,
  0x92,0x34,0x4D,0x7F,0xB5,0x7D,0xFB,0xB7,0xBB,0xBF,0xBD,0x7E,0xFD,0xBA,0xC5,0x62,
  0x61,0x18,0x46,0x2A,0x95,0xEA,0xF5,0xFA,0x16,0x2D,0x5B,0x3C,0x3B,0x7C,0xF8,0xA8,
  0x51,0xA3,0x60,0x3B,0x50,0x1D,0xAA,0x8A,0x1A,0xCA,0x99,0xE8,0x2B,0xD4,0xA2,0xAF,
  0x6F,0x55,0x5E,0x5D,0xF6,0x59,0xBE,0xEF,0xF9,0x4F,0x2C,0x16,0x4B,0x5E,0x5E,0x9E,
  0xD9,0x64,0x2A,0x72,0x38,0x60,0xEB,0xAE,0x52,0xA9,0xFC,0xFC,0xFC,0x0C,0x06,0x03,
  0x3F,0x95,0xC0,0x02,0x5E,0x1D,0xE3,0xA0,0x54,0x62,0x9A,0x4A,0xB4,0xB4,0xBA,0xBB,
  0xA6,0xAC,0xC4,0xCC,0x66,0x33,0x48,0xCC,0xE1,0x74,0x42,0x52,0x04,0x8D,0x46,0x13,
  0x10,0x10,0x60,0x08,0x30,0xF0,0xBB,0x79,0xB0,0x15,0x55,0x7C,0xE6,0xF4,0x96,0xC0,
  0x56,0x8B,0xA5,0x47,0xCF,0x9E,0xBB,0x76,0xEF,0x82,0x26,0xBB,0x33,0x33,0x33,0x33,
  0x33,0x3B,0x2B,0xCB,0x45,0x51,0x2A,0x95,0x2A,0x34,0x34,0x94,0x0F,0x18,0xAC,0x3E,
  0x33,0x41,0x65,0x76,0x14,0xC5,0x5E,0x2F,0xC2,0xF2,0xF7,0x56,0x51,0x7F,0x58,0xB6,
  0x34,0x8E,0xE3,0x18,0x96,0x11,0xBA,0x02,0x23,0x84,0x55,0xEA,0xB2,0xAF,0xB2,0x75,
  0xC6,0x30,0x8C,0xE5,0x58,0x96,0xF1,0x9C,0x72,0xCD,0xED,0x11,0xC4,0x71,0x88,0x0F,
  0x0F,0x2E,0x55,0x1A,0x2C,0x8F,0x7C,0xA2,0x46,0x8D,0x46,0xA3,0xD1,0x68,0xCA,0x2D,
  0x07,0xF4,0xD8,0xE0,0xDA,0x25,0x50,0x98,0x02,0xFB,0x88,0x4F,0x3C,0xE8,0x3E,0xC4,
  0x8B,0x85,0xCC,0x30,0x0F,0x26,0xF3,0xF6,0xA2,0x84,0xEA,0x00,0x48,0x0C,0xB9,0x79,
  0x9B,0x6A,0xB5,0x5A,0xAD,0xB6,0xFC,0x8C,0x56,0x40,0x42,0xE1,0xE2,0xF2,0x0A,0xA5,
  0x44,0x02,0xFE,0x33,0xD0,0x41,0x0D,0x1A,0x34,0x68,0xD0,0xA0,0x01,0xFF,0x27,0xE8,
  0xDC,0x6A,0xAA,0x06,0xA0,0x32,0x04,0xAE,0x5D,0xA3,0x05,0xA8,0x16,0x6B,0xE5,0xD5,
  0x38,0x86,0xE3,0xA4,0x2F,0x87,0xA9,0xFB,0xEC,0x56,0x2A,0xC4,0x97,0xCF,0x0B,0x87,
  0xDC,0xBC,0x32,0x85,0xA3,0x8A,0x7D,0xC4,0xB3,0xA5,0x0E,0xC2,0xA3,0xC4,0x7C,0xBB,
  0x66,0x08,0x01,0xFF,0x46,0x3E,0x54,0x9B,0xCF,0xD9,0x58,0xDD,0xAF,0xAE,0xA3,0x9D,
  0xF4,0x08,0x42,0x48,0xE0,0xB1,0x08,0x77,0xD4,0x41,0x89,0xD5,0x7C,0x95,0xFE,0xF9,
  0x8E,0x1C,0x22,0x44,0xFC,0x83,0x21,0x12,0x58,0x84,0x88,0x7A,0x0C,0x91,0xC0,0x22,
  0x44,0xD4,0x63,0x88,0x04,0x16,0x21,0xA2,0x1E,0x43,0x24,0xB0,0x08,0x11,0xF5,0x18,
  0x22,0x81,0x45,0x88,0xA8,0xC7,0x10,0x09,0x2C,0x42,0x44,0x3D,0x86,0x48,0x60,0x11,
  0x22,0xEA,0x31,0x44,0x02,0x8B,0x10,0x51,0x8F,0x21,0x12,0x58,0x84,0x88,0x7A,0x0C,
  0x91,0xC0,0x22,0x44,0xD4,0x63,0x88,0x04,0x16,0x21,0xA2,0x1E,0x43,0x0C,0x66,0x10,
  0x21,0x02,0x21,0x84,0xB0,0x92,0x68,0xCD,0x8A,0x63,0x45,0x21,0x59,0x0F,0x8E,0xD7,
  0x95,0x20,0x0A,0x91,0xC0,0x22,0x44,0x20,0x84,0x90,0xC3,0xE1,0x30,0x9B,0xCD,0x12,
  0x89,0x44,0x48,0x46,0x0E,0xBB,0xCD,0x2E,0xB8,0xE0,0xEA,0x85,0x48,0x60,0x11,0x8F,
  0x3A,0x20,0x6A,0x77,0xE4,0xA8,0x91,0x2D,0x5A,0xB4,0x90,0xCB,0xE5,0x1C,0xE7,0x21,
  0xD3,0x9B,0xCB,0x45,0x35,0x6C,0xD8,0x40,0x68,0xE9,0xD5,0x8C,0xFF,0x03,0x67,0x76,
  0x25,0xA8,0x9A,0x53,0xA4,0xF1,0x00,0x00,0x00,0x00,0x49,0x45,0x4E,0x44,0xAE,0x42,
  0x60,0x82,
};
const size_t LOGO_MARK_PNG_LEN = 14194;

const uint8_t LOGO_ICON_PNG[] PROGMEM = {
  0x89,0x50,0x4E,0x47,0x0D,0x0A,0x1A,0x0A,0x00,0x00,0x00,0x0D,0x49,0x48,0x44,0x52,
  0x00,0x00,0x00,0x80,0x00,0x00,0x00,0x80,0x08,0x02,0x00,0x00,0x00,0x4C,0x5C,0xF6,
  0x9C,0x00,0x00,0x01,0x50,0x69,0x43,0x43,0x50,0x69,0x63,0x63,0x00,0x00,0x28,0x91,
  0x7D,0x90,0xB1,0x4B,0xC3,0x50,0x10,0xC6,0xBF,0x56,0xA5,0xA0,0x75,0x10,0x1D,0x1C,
  0x1C,0x32,0x89,0x43,0x94,0x92,0x0A,0xBA,0x38,0xB4,0x15,0x44,0x71,0x08,0x55,0xC1,
  0xEA,0x94,0xBE,0xA6,0xA9,0x90,0xC6,0x47,0x92,0x22,0x05,0x37,0xFF,0x81,0x82,0xFF,
  0x81,0x0A,0xCE,0x6E,0x16,0x87,0x3A,0x3A,0x38,0x08,0xA2,0x93,0xE8,0xE6,0xE4,0xA4,
  0xE0,0xA2,0xE5,0x79,0x2F,0x89,0xA4,0x22,0x7A,0x8F,0xE3,0x7E,0x7C,0xEF,0xBB,0xE3,
  0x38,0x20,0x39,0x6E,0x70,0x6E,0xF7,0x03,0xA8,0x3B,0xBE,0x5B,0x5C,0xCA,0x2B,0x9B,
  0xA5,0x2D,0x25,0xF5,0x8C,0x04,0xBD,0x20,0x0C,0xE6,0xF1,0x9C,0xAE,0xAF,0x4A,0xFE,
  0xAE,0x3F,0xE3,0xFD,0x3E,0xF4,0xDE,0x4E,0xCB,0x59,0xBF,0xFF,0xFF,0x8D,0xC1,0x8A,
  0xE9,0x31,0xAA,0x9F,0x94,0x19,0xC6,0x5D,0x1F,0x48,0xA8,0xC4,0xFA,0x9E,0xCF,0x25,
  0xEF,0x13,0x8F,0xB9,0xB4,0x14,0x71,0x4B,0xB2,0x15,0xF2,0x89,0xE4,0x72,0xC8,0xE7,
  0x81,0x67,0xBD,0x58,0x20,0xBE,0x26,0x56,0x58,0xCD,0xA8,0x10,0xBF,0x10,0xAB,0xE5,
  0x1E,0xDD,0xEA,0xE1,0xBA,0xDD,0x60,0xD1,0x0E,0x72,0xFB,0xB4,0xE9,0x6C,0xAC,0xC9,
  0x39,0x94,0x13,0x58,0xC4,0x0E,0x3C,0x70,0xD8,0x30,0xD0,0x84,0x02,0x1D,0xD9,0x3F,
  0xFC,0xB3,0x81,0xBF,0x80,0x5D,0x72,0x37,0xE1,0x52,0x9F,0x85,0x1A,0x7C,0xEA,0xC9,
  0x91,0x22,0x27,0x98,0xC4,0xCB,0x70,0xC0,0x30,0x03,0x95,0x58,0x43,0x86,0x52,0x93,
  0x77,0x8E,0xEE,0x77,0x17,0xDD,0x4F,0x8D,0xB5,0x83,0x27,0x60,0xA1,0x23,0x84,0xB8,
  0x88,0xB5,0x95,0x0E,0x70,0x36,0x47,0x27,0x6B,0xC7,0xDA,0xD4,0x3C,0x30,0x32,0x04,
  0x5C,0xB5,0xB9,0xE1,0x1A,0x81,0xD4,0x47,0x99,0xAC,0x56,0x81,0xD7,0x53,0x60,0xB8,
  0x04,0x8C,0xDE,0x50,0xCF,0xB6,0x57,0xCD,0x6A,0xE1,0xF6,0xE9,0x3C,0x30,0xF0,0x28,
  0xC4,0xDB,0x24,0x90,0x3A,0x04,0xBA,0x2D,0x21,0x3E,0x8E,0x84,0xE8,0x1E,0x53,0xF3,
  0x03,0x70,0xE9,0x7C,0x01,0x03,0xA7,0x62,0x13,0x1E,0x06,0x28,0xAD,0x00,0x00,0x00,
  0x20,0x63,0x48,0x52,0x4D,0x00,0x00,0x7A,0x26,0x00,0x00,0x80,0x84,0x00,0x00,0xFA,
  0x00,0x00,0x00,0x80,0xE8,0x00,0x00,0x75,0x30,0x00,0x00,0xEA,0x60,0x00,0x00,0x3A,
  0x98,0x00,0x00,0x17,0x70,0x9C,0xBA,0x51,0x3C,0x00,0x00,0x00,0xE0,0x65,0x58,0x49,
  0x66,0x4D,0x4D,0x00,0x2A,0x00,0x00,0x00,0x08,0x00,0x06,0x01,0x12,0x00,0x03,0x00,
  0x00,0x00,0x01,0x00,0x01,0x00,0x00,0x01,0x1A,0x00,0x05,0x00,0x00,0x00,0x01,0x00,
  0x00,0x00,0x56,0x01,0x1B,0x00,0x05,0x00,0x00,0x00,0x01,0x00,0x00,0x00,0x5E,0x01,
  0x28,0x00,0x03,0x00,0x00,0x00,0x01,0x00,0x02,0x00,0x00,0x02,0x13,0x00,0x03,0x00,
  0x00,0x00,0x01,0x00,0x01,0x00,0x00,0x87,0x69,0x00,0x04,0x00,0x00,0x00,0x01,0x00,
  0x00,0x00,0x66,0x00,0x00,0x00,0x00,0x00,0x00,0x00,0x90,0x00,0x00,0x00,0x01,0x00,
  0x00,0x00,0x90,0x00,0x00,0x00,0x01,0x00,0x08,0x90,0x00,0x00,0x07,0x00,0x00,0x00,
  0x04,0x30,0x32,0x32,0x31,0x91,0x01,0x00,0x07,0x00,0x00,0x00,0x04,0x01,0x02,0x03,
  0x00,0x92,0x86,0x00,0x07,0x00,0x00,0x00,0x12,0x00,0x00,0x00,0xCC,0xA0,0x00,0x00,
  0x07,0x00,0x00,0x00,0x04,0x30,0x31,0x30,0x30,0xA0,0x01,0x00,0x03,0x00,0x00,0x00,
  0x01,0x00,0x01,0x00,0x00,0xA0,0x02,0x00,0x04,0x00,0x00,0x00,0x01,0x00,0x00,0x07,
  0x4E,0xA0,0x03,0x00,0x04,0x00,0x00,0x00,0x01,0x00,0x00,0x02,0xBA,0xA4,0x06,0x00,
  0x03,0x00,0x00,0x00,0x01,0x00,0x00,0x00,0x00,0x00,0x00,0x00,0x00,0x41,0x53,0x43,
  0x49,0x49,0x00,0x00,0x00,0x53,0x63,0x72,0x65,0x65,0x6E,0x73,0x68,0x6F,0x74,0x00,
  0x00,0x80,0xFC,0x8F,0xDC,0x00,0x00,0x00,0x06,0x62,0x4B,0x47,0x44,0x00,0xFF,0x00,
  0xFF,0x00,0xFF,0xA0,0xBD,0xA7,0x93,0x00,0x00,0x00,0x09,0x70,0x48,0x59,0x73,0x00,
  0x00,0x16,0x25,0x00,0x00,0x16,0x25,0x01,0x49,0x52,0x24,0xF0,0x00,0x00,0x00,0x07,
  0x74,0x49,0x4D,0x45,0x07,0xEA,0x09,0x16,0x11,0x1D,0x1E,0x1B,0xEE,0x60,0x4E,0x00,
  0x00,0x01,0x88,0x7A,0x54,0x58,0x74,0x52,0x61,0x77,0x20,0x70,0x72,0x6F,0x66,0x69,
  0x6C,0x65,0x20,0x74,0x79,0x70,0x65,0x20,0x69,0x63,0x63,0x00,0x00,0x38,0x8D,0x95,
  0x53,0x5B,0x6E,0xC4,0x30,0x08,0xFC,0xF7,0x29,0x7A,0x04,0x0C,0x06,0x92,0xE3,0xF8,
  0x15,0xA9,0xF7,0xBF,0x40,0x31,0xB6,0xA3,0xB4,0xDA,0xAD,0xB4,0x48,0x91,0x13,0xC0,
  0x33,0x30,0x90,0xF0,0x5D,0x6B,0xF8,0x1A,0xC6,0x24,0x01,0x86,0x61,0x3C,0x24,0x2A,
  0x28,0x48,0x85,0xE4,0x1E,0x90,0x26,0x5D,0x93,0x22,0x63,0xD2,0x84,0x08,0x7C,0xF0,
  0xC9,0x19,0x01,0xB4,0x8B,0x85,0xE3,0x7A,0x6E,0x0B,0x12,0x85,0x94,0x14,0x52,0x64,
  0x60,0x48,0x75,0x07,0xFE,0x7E,0xFF,0x67,0x97,0xB1,0x86,0x27,0x72,0x23,0x6C,0x77,
  0x65,0x1F,0x5A,0xF8,0x30,0x3F,0x4B,0x12,0x56,0x12,0x5A,0xB5,0x2C,0x42,0xB2,0xD6,
  0xAC,0x2D,0x45,0x9D,0xCA,0x44,0x5C,0x01,0x06,0x55,0x53,0x08,0xB6,0x5F,0x97,0x3F,
  0x0E,0xD5,0x5C,0xAD,0xF9,0x79,0xC2,0xF6,0x07,0xD1,0x67,0x20,0xA7,0x1D,0x90,0x5F,
  0x17,0xCA,0xF1,0x00,0x4A,0x36,0x80,0x59,0x51,0xAC,0x8B,0x00,0x47,0x45,0x62,0x13,
  0x93,0xC5,0xDC,0x77,0xA0,0xCA,0x9B,0x0B,0x46,0xFC,0x06,0xA8,0x49,0x55,0xDE,0x3D,
  0xDF,0xB6,0x07,0x50,0x85,0xA5,0x33,0x33,0xED,0x8A,0xD6,0x69,0x00,0xC9,0xDE,0xC5,
  0x7A,0x53,0x8B,0xE9,0x10,0x7B,0x4C,0x48,0xEC,0xA2,0x9E,0x03,0x79,0xE8,0x63,0xE2,
  0xD1,0x67,0x04,0x94,0xC2,0x83,0xC1,0x9C,0x72,0x0D,0xF4,0x09,0xAA,0x38,0x19,0xC5,
  0x1C,0x62,0x1A,0x0D,0xE1,0x07,0x51,0x8A,0x2B,0x07,0x56,0x11,0xEC,0xAD,0x59,0x60,
  0x24,0x77,0x7B,0x0C,0x08,0xFB,0xD0,0x67,0x5E,0x20,0x1C,0x63,0x5D,0x27,0xDE,0x9B,
  0xFD,0x30,0x5B,0x44,0xDE,0x55,0x7A,0x45,0xB6,0x88,0xF5,0x55,0xE2,0x41,0xED,0xF2,
  0xC2,0x5B,0xB9,0xA6,0x95,0xF2,0x2A,0x2F,0xE5,0x72,0x39,0x50,0x89,0xA4,0xEE,0xC9,
  0xE5,0x7C,0x95,0x88,0x07,0xF9,0xF8,0x63,0x84,0xE2,0x02,0x1D,0xE5,0xB4,0xED,0x8F,
  0x8A,0x72,0xFF,0x15,0x03,0x68,0x0B,0x8A,0x62,0xE6,0x25,0x63,0x9E,0xC0,0x8D,0x7D,
  0xE3,0x22,0xB5,0x99,0x91,0xB9,0xD8,0x56,0x0B,0x11,0x3D,0x99,0x22,0xD4,0x84,0x53,
  0x6C,0x6E,0xDD,0x2B,0x27,0x74,0x20,0xD3,0xDA,0xC1,0xAF,0x76,0xC2,0xEC,0x28,0xA3,
  0x9F,0x2D,0x4F,0x52,0x6A,0xBE,0x3F,0xD5,0xB4,0x0D,0x3F,0xF0,0x9D,0xE8,0xB0,0x6E,
  0x96,0x77,0x93,0x00,0x00,0x00,0x25,0x74,0x45,0x58,0x74,0x64,0x61,0x74,0x65,0x3A,
  0x63,0x72,0x65,0x61,0x74,0x65,0x00,0x32,0x30,0x32,0x36,0x2D,0x30,0x39,0x2D,0x32,
  0x32,0x54,0x31,0x37,0x3A,0x32,0x38,0x3A,0x33,0x31,0x2B,0x30,0x30,0x3A,0x30,0x30,
  0x70,0x8D,0x06,0x47,0x00,0x00,0x00,0x25,0x74,0x45,0x58,0x74,0x64,0x61,0x74,0x65,
  0x3A,0x6D,0x6F,0x64,0x69,0x66,0x79,0x00,0x32,0x30,0x32,0x36,0x2D,0x30,0x39,0x2D,
  0x32,0x32,0x54,0x31,0x37,0x3A,0x32,0x38,0x3A,0x31,0x31,0x2B,0x30,0x30,0x3A,0x30,
  0x30,0x43,0xF5,0xB9,0x86,0x00,0x00,0x00,0x28,0x74,0x45,0x58,0x74,0x64,0x61,0x74,
  0x65,0x3A,0x74,0x69,0x6D,0x65,0x73,0x74,0x61,0x6D,0x70,0x00,0x32,0x30,0x32,0x36,
  0x2D,0x30,0x39,0x2D,0x32,0x32,0x54,0x31,0x37,0x3A,0x32,0x39,0x3A,0x32,0x39,0x2B,
  0x30,0x30,0x3A,0x30,0x30,0x46,0x42,0xBA,0xE3,0x00,0x00,0x00,0x11,0x74,0x45,0x58,
  0x74,0x65,0x78,0x69,0x66,0x3A,0x43,0x6F,0x6C,0x6F,0x72,0x53,0x70,0x61,0x63,0x65,
  0x00,0x31,0x0F,0x9B,0x02,0x49,0x00,0x00,0x00,0x20,0x74,0x45,0x58,0x74,0x65,0x78,
  0x69,0x66,0x3A,0x43,0x6F,0x6D,0x70,0x6F,0x6E,0x65,0x6E,0x74,0x73,0x43,0x6F,0x6E,
  0x66,0x69,0x67,0x75,0x72,0x61,0x74,0x69,0x6F,0x6E,0x00,0x2E,0x2E,0x2E,0x6A,0xF2,
  0xA1,0x64,0x00,0x00,0x00,0x13,0x74,0x45,0x58,0x74,0x65,0x78,0x69,0x66,0x3A,0x45,
  0x78,0x69,0x66,0x4F,0x66,0x66,0x73,0x65,0x74,0x00,0x31,0x30,0x32,0x73,0x42,0x29,
  0xA7,0x00,0x00,0x00,0x15,0x74,0x45,0x58,0x74,0x65,0x78,0x69,0x66,0x3A,0x45,0x78,
  0x69,0x66,0x56,0x65,0x72,0x73,0x69,0x6F,0x6E,0x00,0x30,0x32,0x32,0x31,0xE4,0x5C,
  0x35,0x2D,0x00,0x00,0x00,0x19,0x74,0x45,0x58,0x74,0x65,0x78,0x69,0x66,0x3A,0x46,
  0x6C,0x61,0x73,0x68,0x50,0x69,0x78,0x56,0x65,0x72,0x73,0x69,0x6F,0x6E,0x00,0x30,
  0x31,0x30,0x30,0x12,0xD4,0x28,0xAC,0x00,0x00,0x00,0x19,0x74,0x45,0x58,0x74,0x65,
  0x78,0x69,0x66,0x3A,0x50,0x69,0x78,0x65,0x6C,0x58,0x44,0x69,0x6D,0x65,0x6E,0x73,
  0x69,0x6F,0x6E,0x00,0x31,0x38,0x37,0x30,0x86,0xCC,0x37,0xFB,0x00,0x00,0x00,0x18,
  0x74,0x45,0x58,0x74,0x65,0x78,0x69,0x66,0x3A,0x50,0x69,0x78,0x65,0x6C,0x59,0x44,
  0x69,0x6D,0x65,0x6E,0x73,0x69,0x6F,0x6E,0x00,0x36,0x39,0x38,0x01,0x6B,0x84,0xE5,
  0x00,0x00,0x00,0x17,0x74,0x45,0x58,0x74,0x65,0x78,0x69,0x66,0x3A,0x53,0x63,0x65,
  0x6E,0x65,0x43,0x61,0x70,0x74,0x75,0x72,0x65,0x54,0x79,0x70,0x65,0x00,0x30,0x22,
  0xB4,0x31,0x63,0x00,0x00,0x00,0x16,0x74,0x45,0x58,0x74,0x65,0x78,0x69,0x66,0x3A,
  0x55,0x73,0x65,0x72,0x43,0x6F,0x6D,0x6D,0x65,0x6E,0x74,0x00,0x41,0x53,0x43,0x49,
  0x49,0xB4,0xE3,0x5A,0xDE,0x00,0x00,0x00,0x17,0x74,0x45,0x58,0x74,0x65,0x78,0x69,
  0x66,0x3A,0x59,0x43,0x62,0x43,0x72,0x50,0x6F,0x73,0x69,0x74,0x69,0x6F,0x6E,0x69,
  0x6E,0x67,0x00,0x31,0xAC,0x0F,0x80,0x63,0x00,0x00,0x00,0x28,0x74,0x45,0x58,0x74,
  0x69,0x63,0x63,0x3A,0x63,0x6F,0x70,0x79,0x72,0x69,0x67,0x68,0x74,0x00,0x43,0x6F,
  0x70,0x79,0x72,0x69,0x67,0x68,0x74,0x20,0x41,0x70,0x70,0x6C,0x65,0x20,0x49,0x6E,
  0x63,0x2E,0x2C,0x20,0x32,0x30,0x32,0x32,0xE4,0xB4,0xBF,0x9C,0x00,0x00,0x00,0x1A,
  0x74,0x45,0x58,0x74,0x69,0x63,0x63,0x3A,0x64,0x65,0x73,0x63,0x72,0x69,0x70,0x74,
  0x69,0x6F,0x6E,0x00,0x44,0x69,0x73,0x70,0x6C,0x61,0x79,0x20,0x50,0x33,0x8F,0x79,
  0xBB,0xBC,0x00,0x00,0x00,0x01,0x6F,0x72,0x4E,0x54,0x01,0xCF,0xA2,0x77,0x9A,0x00,
  0x00,0x14,0x3C,0x49,0x44,0x41,0x54,0x78,0xDA,0xED,0x5D,0x79,0x74,0x94,0x55,0x96,
  0xBF,0xEF,0x5B,0x6A,0x49,0xA5,0x52,0x95,0x04,0x93,0x60,0x08,0xD9,0xC0,0xA1,0x45,
  0x10,0x1C,0x44,0x46,0x0D,0x9C,0x30,0xAD,0x2D,0x88,0x49,0x08,0x23,0x60,0x3B,0xC6,
  0x25,0x40,0xB4,0x15,0xBA,0xD1,0x73,0x64,0x75,0xED,0x16,0xC8,0xD8,0x72,0x10,0x41,
  0x48,0x20,0xB2,0x9E,0xE3,0xD8,0x02,0x03,0x61,0x04,0x3A,0x12,0x14,0x49,0xD3,0x1E,
  0x04,0x1B,0x02,0xA3,0xC7,0x06,0x4C,0x58,0x14,0x42,0x52,0x59,0xAA,0x2A,0x49,0x55,
  0x7D,0xCB,0x9B,0x3F,0x6E,0xAA,0x28,0x02,0x52,0x55,0xDF,0x57,0x4B,0x12,0xEA,0xF7,
  0x07,0x27,0x24,0x5F,0xBD,0x7A,0xEF,0xFE,0xEE,0xBB,0xEF,0xBE,0xFB,0xEE,0xBB,0x1F,
  0xA1,0x94,0x42,0x14,0x21,0x86,0x24,0x49,0x00,0xC0,0xB2,0x2C,0xFE,0xD7,0x6A,0xB5,
  0xD6,0xD6,0xD6,0x1E,0xFC,0xF2,0xE0,0x91,0x23,0x47,0x48,0x94,0x80,0x50,0x43,0x96,
  0x65,0x86,0x61,0x00,0xE0,0xE2,0xC5,0x8B,0x7F,0x3F,0x7C,0xF8,0xCB,0x2F,0x0F,0x7E,
  0xFB,0xED,0xB1,0x8B,0x17,0x2F,0x3A,0x1D,0x4E,0x9E,0xE7,0xA3,0x04,0x04,0x1F,0x94,
  0x52,0x4A,0x29,0x0A,0x1D,0xA5,0x7F,0xEC,0xD8,0xB1,0xD2,0xD2,0xD2,0xE3,0xFF,0x38,
  0xDE,0xD4,0xD8,0xC8,0x30,0x8C,0x5E,0xA7,0xD7,0x68,0x35,0x0C,0xC3,0x50,0x4A,0xA3,
  0x04,0x04,0x13,0xDE,0xA6,0x46,0x96,0x65,0x00,0x60,0x18,0xE6,0xD2,0xA5,0x4B,0xBF,
  0x1E,0xFF,0xEF,0x97,0x2E,0x5D,0x32,0x9B,0xCD,0xF8,0x27,0x4A,0x29,0x21,0x84,0x00,
  0x11,0x45,0x91,0x8B,0x74,0x9F,0xFB,0x08,0x24,0x49,0x22,0x84,0xA0,0x7C,0x7F,0xFE,
  0xE9,0x67,0x87,0xD3,0x91,0x95,0x95,0x85,0xCA,0x7D,0xFC,0x1F,0xC7,0x1B,0x1B,0x1B,
  0xFB,0xF7,0xEF,0xEF,0x74,0x3A,0x09,0x21,0xB2,0x2C,0x3B,0x9D,0xCE,0xCE,0xCE,0x4E,
  0x0A,0x34,0x3E,0x3E,0x3E,0x4A,0x80,0x5A,0x48,0x92,0xC4,0x30,0x0C,0x8A,0xFE,0xE8,
  0x37,0x47,0x37,0x6E,0xD8,0x50,0x5D,0x5D,0xDD,0xDE,0xD1,0xFE,0x58,0x5E,0xDE,0xFB,
  0x2B,0x56,0x70,0x3C,0x3F,0x64,0xC8,0x10,0x83,0xC1,0xD0,0xD4,0xD4,0xC4,0x71,0x9C,
  0xC3,0xE1,0xD0,0x6A,0xB5,0x19,0x19,0x19,0xF7,0xDE,0x7B,0xEF,0x83,0x63,0x73,0xEE,
  0xB9,0xE7,0x9E,0xA8,0x09,0x52,0x0E,0x8F,0x91,0x01,0x80,0x03,0x07,0x0E,0xAC,0x2B,
  0x5F,0xF7,0xD5,0xC1,0x83,0x2E,0x97,0x2B,0x36,0x36,0x96,0x65,0xD9,0xCB,0x97,0x2F,
  0x6F,0xDD,0xBA,0xB5,0xA0,0x70,0x32,0x00,0xEC,0xDB,0xBB,0xF7,0xDD,0x77,0xDF,0x65,
  0x59,0x6E,0x6C,0x4E,0xCE,0xAF,0x1F,0x7A,0x68,0xC4,0x88,0xBB,0x75,0x7A,0x3D,0x36,
  0x12,0x9D,0x01,0x0A,0x21,0xD3,0x2E,0xDF,0xE6,0x40,0x75,0xF5,0xAA,0x55,0xAB,0x6B,
  0x6A,0x6A,0x08,0x80,0xD1,0x68,0x8C,0x89,0x89,0x91,0x65,0x59,0xA3,0xD1,0xF0,0x3C,
  0x7F,0xB9,0xE1,0x32,0x00,0x08,0x82,0xF0,0xC8,0x84,0x09,0x8F,0x4C,0x98,0x80,0xA6,
  0x1F,0x3F,0x8E,0xAB,0x05,0x21,0x24,0x4A,0x80,0x12,0xA0,0x6F,0x73,0xF9,0xD2,0xE5,
  0x57,0x5E,0x7E,0x79,0xFF,0xFE,0xFD,0x84,0x10,0x53,0x5C,0x1C,0x05,0x4A,0x65,0xCA,
  0x30,0x8C,0x2C,0xCB,0x97,0x2E,0x5D,0x4A,0x4D,0x4D,0x9D,0x38,0x69,0x12,0x00,0x70,
  0x1C,0x27,0x49,0x12,0xCB,0xB2,0x84,0x10,0x51,0x14,0x09,0x21,0x1E,0x93,0x05,0x00,
  0x4C,0xA4,0xC7,0xD2,0x9B,0x20,0xCB,0x32,0x9A,0x1D,0xC4,0xAB,0xAF,0xBE,0xBA,0x73,
  0xE7,0x4E,0xB3,0xD9,0x1C,0x1B,0x1B,0x2B,0xCB,0x32,0x43,0x18,0x51,0x14,0x9B,0x9A,
  0x9A,0xB4,0x5A,0x6D,0x71,0x71,0x71,0xE5,0xFF,0xEE,0x1E,0x98,0x96,0xE6,0xBD,0x38,
  0x03,0x00,0xC7,0x71,0xC8,0x84,0xA7,0x91,0xE8,0x1A,0xE0,0x17,0x64,0x4A,0xA9,0x2C,
  0xA3,0x1C,0x51,0x9D,0x1D,0x0E,0xC7,0xD8,0x9C,0x9C,0xA6,0xC6,0x26,0x8E,0xE3,0x00,
  0xC0,0xE9,0x74,0xDA,0xEC,0xF6,0x81,0x69,0x69,0xD3,0xA6,0x4F,0x2F,0x2A,0x2A,0x4A,
  0x1D,0x90,0xEA,0x79,0xD2,0x47,0xD3,0xF4,0xD6,0x83,0x4C,0x29,0xA5,0x54,0x92,0x24,
  0x49,0x92,0xFC,0x79,0x5E,0x10,0x04,0xFC,0xA1,0xAE,0xBE,0xAE,0xAE,0xAE,0x0E,0x3F,
  0x4B,0x29,0xFD,0xFD,0x9C,0x39,0x3A,0x8D,0xB6,0x7F,0x72,0x4A,0x82,0xC9,0x7C,0xD7,
  0xD0,0xA1,0xEF,0xBD,0xF7,0x9E,0xC5,0x62,0xE9,0xFA,0x88,0x28,0xF8,0xD9,0xF8,0x2D,
  0x49,0x80,0x2C,0x7B,0xA4,0x23,0x8A,0xE2,0xCD,0x1F,0xC6,0x07,0xDA,0xAC,0x6D,0x2F,
  0xCF,0x9D,0x9B,0x95,0x99,0x35,0x70,0x40,0xDA,0x9B,0x6F,0xBE,0x89,0x7F,0x6A,0xB7,
  0xDB,0x17,0x2F,0x5C,0xF4,0xD8,0xA4,0x49,0xEF,0xFC,0xE9,0x4F,0x57,0x1A,0xAE,0xE0,
  0x2F,0x05,0xC1,0x5F,0xD1,0x23,0x6E,0x39,0x02,0x64,0x59,0x46,0x8D,0xFE,0xE0,0x83,
  0x0F,0xFE,0xFB,0xE3,0x8F,0x29,0xA5,0x2E,0x97,0xEB,0x26,0x0F,0x53,0x4A,0x0F,0x54,
  0x57,0xDF,0xFB,0xAF,0xA3,0xE2,0x4D,0xE6,0xCC,0xF4,0x8C,0xAC,0xF4,0xCC,0x04,0x73,
  0xFC,0xA1,0x43,0x87,0xAE,0x7F,0x58,0x10,0x04,0x7C,0x3E,0x20,0xDC,0x5A,0x5E,0x10,
  0xCA,0x94,0xE3,0xB8,0xB2,0xB2,0xB2,0xD7,0x5F,0x7B,0x5D,0xAB,0xD1,0xE8,0x63,0x62,
  0xF2,0xF2,0xF2,0x44,0x51,0x44,0x53,0xEE,0x0D,0x74,0x75,0x56,0xAE,0x5C,0xF9,0xF6,
  0x5B,0x6F,0xEB,0x75,0xBA,0x7E,0xFD,0xFA,0x89,0xA2,0xA8,0xD1,0x6A,0x28,0xD0,0xC6,
  0x2B,0x8D,0x00,0x80,0x2E,0x0D,0x21,0x84,0x52,0x4A,0x08,0xB9,0xBE,0x05,0x7F,0xFB,
  0x74,0x8B,0xC0,0xA3,0xFB,0x6B,0x3F,0x5C,0x93,0x18,0x9F,0x30,0x28,0x2B,0x3B,0x33,
  0x3D,0x23,0x39,0x29,0x69,0xD7,0xAE,0x5D,0xF4,0xBA,0x79,0x80,0x66,0xE4,0xFB,0xEF,
  0xBF,0xEF,0x9F,0x9C,0x92,0x99,0x9E,0x91,0x9D,0x99,0x95,0x95,0x91,0x39,0x38,0x7B,
  0x90,0xC9,0x64,0x7A,0xE0,0x81,0x07,0x5A,0x5B,0x5B,0xA9,0x7B,0x7E,0xA8,0xC4,0xAD,
  0xE2,0x86,0x52,0x8F,0xEE,0xAF,0x5D,0xBB,0x68,0xD1,0x22,0xB3,0xD9,0x8C,0x0A,0xAE,
  0xD7,0xE9,0x4B,0x66,0xCE,0xDA,0x55,0xB9,0x8B,0xE7,0x79,0x41,0x10,0xBC,0x9F,0x07,
  0x80,0xA6,0xA6,0x26,0x97,0x20,0x68,0x35,0x5A,0x86,0x61,0x24,0x49,0x6A,0xB6,0x58,
  0x0A,0xF2,0x0B,0x76,0xEC,0xD8,0x61,0x32,0x99,0x64,0x59,0xF6,0xF6,0x26,0x55,0xF5,
  0xAC,0xCF,0xE3,0xAA,0xEE,0xAF,0x59,0x93,0x18,0x9F,0x80,0xEA,0x9C,0x99,0x9E,0x81,
  0xAA,0x9D,0x31,0x30,0x3D,0x39,0x29,0x79,0xE7,0xCE,0x9D,0xD4,0x6B,0x1E,0xA0,0x76,
  0x3B,0x9D,0xCE,0x49,0x13,0x1F,0x8D,0x8D,0x31,0xC4,0x9B,0xE3,0x07,0x67,0x0F,0xDA,
  0xBA,0x79,0x0B,0xFE,0x35,0xA0,0x65,0xF6,0xE6,0xE8,0xFB,0xFB,0x00,0x94,0x26,0xCB,
  0xB2,0x65,0x6B,0xD7,0x2E,0x5A,0xB8,0xC8,0x6C,0x36,0xE3,0xC8,0x3D,0x0F,0xA0,0x76,
  0x77,0x3A,0x1C,0x65,0xE5,0x65,0xF9,0xF9,0xF9,0x9E,0xF5,0x80,0x52,0x4A,0x08,0x69,
  0x6B,0x69,0xDD,0xB8,0x79,0x53,0x47,0x67,0xC7,0xD4,0xC7,0xA7,0x66,0x67,0x67,0x7B,
  0xC7,0x7F,0x82,0x82,0x3E,0x4E,0x00,0x6A,0x2B,0xC7,0x71,0x65,0x6B,0xBA,0x2C,0x4F,
  0x37,0xE9,0x23,0x90,0x03,0x87,0xC3,0x51,0xB6,0xAE,0x3C,0x2F,0x2F,0x4F,0x10,0x04,
  0x9E,0xE7,0xC1,0xCD,0x81,0xE7,0x31,0xBF,0x36,0x56,0x01,0xA2,0x2F,0x13,0xE0,0x53,
  0xF7,0xBD,0xE1,0x99,0x07,0xE5,0xEB,0xCA,0xBD,0xFD,0x22,0xA4,0x10,0x1F,0x08,0xA2,
  0xE2,0x7B,0xD0,0x67,0x09,0xF0,0x53,0xF7,0xBD,0xE1,0xE6,0xA0,0xB3,0x7C,0xDD,0x3A,
  0xEF,0x79,0x10,0x52,0xF4,0x59,0x2F,0xA8,0x9B,0xCF,0xE3,0x53,0xFA,0xF8,0x11,0x96,
  0x65,0xF5,0x3A,0xFD,0xAC,0x99,0xB3,0x76,0xED,0xDA,0xC5,0xF3,0xBC,0x28,0x8A,0xA1,
  0xEE,0x67,0x1F,0x24,0x80,0x52,0x2A,0x8A,0x22,0xCB,0xB2,0x65,0x6B,0x7C,0x5B,0x9E,
  0x6E,0x70,0x73,0xA0,0x7B,0x7E,0x56,0x49,0x65,0x65,0x25,0xC7,0x71,0xDE,0xBE,0x69,
  0x28,0xD0,0xD7,0x4C,0x90,0xB7,0xDD,0x5F,0xBC,0x70,0x91,0x29,0x10,0xE9,0x7B,0x70,
  0x75,0x4D,0x2E,0x2F,0xCF,0xCB,0xBF,0xF1,0x3E,0x39,0x58,0xE8,0x53,0x33,0x00,0xED,
  0xBE,0x67,0xD5,0x55,0x26,0x7D,0x70,0xCF,0x03,0x9D,0x4E,0x37,0x6B,0xD6,0xCC,0x50,
  0xCF,0x83,0x3E,0x45,0xC0,0x55,0xBB,0x1F,0xA0,0xE5,0xB9,0x61,0x53,0xE1,0x59,0x0F,
  0xFA,0x08,0x01,0x57,0xED,0xFE,0xDA,0xB5,0x8B,0x17,0x2D,0x56,0x29,0x7D,0x84,0x67,
  0x3D,0x28,0x99,0x55,0x52,0xB9,0x2B,0x54,0xF3,0xA0,0x8F,0xAC,0x01,0xB8,0x63,0x52,
  0x63,0xF7,0x7F,0x09,0xDD,0xF6,0x07,0x9E,0x3C,0xC3,0x60,0xA1,0x2F,0xCC,0x00,0x94,
  0xFE,0x8A,0x15,0x2B,0x5E,0x7B,0xED,0xF5,0xE0,0x4A,0x1F,0xBC,0xFD,0xA2,0x92,0xE7,
  0x3F,0xFE,0xF8,0x63,0x3C,0x73,0x0F,0x62,0xE7,0x7D,0x2F,0xEE,0x41,0x9F,0x22,0xC1,
  0x09,0x22,0x5E,0xD7,0xE0,0xF1,0xE3,0xC7,0x05,0xC1,0xC5,0xB2,0x6C,0xD0,0x0D,0x05,
  0xA6,0x99,0xB4,0xB4,0xB4,0x9C,0x3A,0x75,0x2A,0xB8,0x2D,0x43,0xA4,0x4C,0x90,0x27,
  0xDC,0x08,0x00,0xC4,0x0B,0x8A,0x5B,0xC3,0xCF,0xCE,0x98,0x31,0x63,0xC7,0xB6,0xED,
  0x78,0x72,0x12,0xC4,0xDE,0xB2,0x1C,0x6B,0x69,0xB2,0xCC,0x99,0x33,0xE7,0xCD,0xB7,
  0xDF,0xEA,0x16,0x1D,0x52,0x0F,0xDF,0x04,0x58,0x2C,0x16,0x87,0xC3,0xC1,0x30,0x0C,
  0x05,0x00,0xA0,0x00,0x0A,0xBE,0x9E,0x32,0x84,0x61,0x59,0x56,0xAB,0xD3,0xF2,0x1C,
  0xAF,0xD3,0xE9,0x6E,0x38,0x06,0x4C,0xFA,0x50,0x16,0x72,0xF1,0x98,0xE6,0xA0,0x73,
  0xC0,0xB2,0xAC,0xC5,0x62,0x99,0x3D,0x7B,0xF6,0x5B,0x7F,0x7C,0x5B,0xA6,0x94,0x04,
  0x7B,0x06,0xDF,0x8C,0x00,0x1C,0x55,0xC9,0xAC,0x92,0xCF,0x3E,0xFB,0xCC,0x64,0x8A,
  0x93,0x25,0x25,0xB6,0xAF,0x8B,0x31,0x02,0x0C,0x61,0x74,0x7A,0x1D,0xC7,0xF1,0x26,
  0x93,0xC9,0x60,0x88,0x49,0x4C,0x4C,0x4C,0x49,0x49,0x49,0x4D,0x4D,0xCD,0xCE,0xCA,
  0xCE,0xC8,0xCA,0x4C,0x4B,0x4B,0xD3,0xBB,0xB3,0xF5,0x00,0x40,0x14,0xC5,0x40,0x99,
  0xF0,0x70,0x50,0x5C,0x5C,0xFC,0x3F,0xDB,0x77,0x04,0x85,0x03,0xD4,0x7D,0x94,0x3E,
  0xA5,0x14,0x28,0x10,0x26,0xC8,0xF6,0xF3,0xA6,0x6B,0x00,0x05,0x00,0x10,0x05,0xA1,
  0xB3,0xA3,0x43,0xAB,0xD1,0x60,0x50,0x50,0x0D,0x6C,0x36,0x1B,0xA5,0xF4,0xC2,0xF9,
  0xF3,0xE8,0x35,0xE2,0x6A,0xC6,0xB2,0x6C,0x8C,0xC1,0x90,0x7A,0xFB,0xED,0x83,0x07,
  0x0F,0x1E,0x7D,0xDF,0x7D,0x63,0xFE,0x6D,0xCC,0xF0,0xE1,0xC3,0x71,0xE7,0x89,0x66,
  0xCA,0xCF,0x08,0x30,0xBA,0x2B,0x2C,0xCB,0x56,0x54,0x54,0x10,0x20,0x3B,0xB6,0xAB,
  0x9D,0x07,0x2C,0x7B,0x55,0xFA,0x41,0x3F,0x06,0xF0,0xE0,0xA6,0x04,0x10,0x00,0x00,
  0xC2,0x30,0x2C,0xCB,0x06,0xE5,0xBB,0x51,0x94,0x38,0x85,0x3D,0xC7,0xD9,0x00,0x20,
  0x49,0xD2,0xF9,0x73,0xE7,0x4F,0x9F,0x3E,0x5D,0x59,0x59,0x69,0x30,0x18,0xB2,0xB2,
  0xB3,0x1F,0x7E,0xF8,0xA1,0xC9,0x93,0x27,0xDF,0x39,0x74,0x28,0x04,0x42,0x03,0xCB,
  0xB2,0x38,0x0F,0xD6,0x57,0xAC,0xA7,0x40,0xD5,0xCC,0x03,0xB4,0x3C,0x2F,0xB9,0x75,
  0x5F,0xCD,0x12,0x75,0x73,0xF8,0x11,0xE2,0x70,0x7B,0x75,0xC1,0x5A,0xAE,0x6F,0xD8,
  0x8E,0x46,0xAB,0xD1,0xE9,0x75,0x84,0x10,0x49,0x92,0xCE,0x9C,0x3E,0x7D,0xB2,0xB6,
  0xB6,0xBC,0xAC,0xFC,0xC1,0xB1,0x39,0x33,0x66,0xCC,0xC8,0xCD,0xCD,0x05,0x00,0xDC,
  0x67,0xF9,0x94,0x02,0xBA,0x89,0x0C,0xC3,0x54,0x54,0x54,0x00,0x80,0x32,0x0E,0xAE,
  0xB1,0xFB,0xB2,0x1C,0x3A,0xE9,0x43,0xCF,0xD9,0x07,0x60,0x18,0x07,0xB3,0xA0,0xF4,
  0x7A,0x7D,0xBF,0x7E,0xFD,0x38,0x8E,0xFB,0xBC,0xAA,0x6A,0xFA,0xD4,0x69,0x4F,0x4C,
  0x9B,0x7E,0xB2,0xF6,0x24,0xC7,0x71,0x78,0xBB,0xC1,0xF7,0x90,0xDC,0xAE,0x7A,0x45,
  0x45,0x45,0xE1,0x94,0x42,0x4C,0xCC,0xF7,0xBF,0x27,0xDE,0xD2,0xF7,0xF8,0x69,0xA1,
  0x1B,0x78,0x4F,0x21,0xC0,0x1B,0xB2,0x2C,0x23,0x13,0xA6,0x38,0x53,0x5C,0x5C,0x5C,
  0x75,0x75,0xF5,0xA3,0x13,0x27,0xFE,0x57,0x69,0x29,0xB8,0x0D,0xBD,0xEF,0x51,0xB9,
  0x39,0x58,0x5F,0x51,0x51,0x38,0x65,0x8A,0xFF,0x1C,0x74,0xD3,0x7D,0x08,0x8D,0xDD,
  0xBF,0xA6,0xAB,0x61,0x10,0xA8,0x62,0x60,0xFA,0xA6,0xC9,0x64,0xE2,0x79,0x7E,0xE9,
  0x92,0xA5,0x85,0x93,0x27,0xB7,0x34,0x37,0xB3,0x2C,0xEB,0x8F,0x49,0xF1,0xE2,0x60,
  0xFD,0x64,0xFF,0xE6,0x41,0x98,0x75,0xBF,0xAB,0x9F,0x61,0x92,0xA5,0x0A,0x60,0x0E,
  0x48,0x52,0x52,0xD2,0xA1,0xAF,0x0E,0x3D,0x3A,0x69,0x52,0x7D,0x7D,0x3D,0xC7,0x71,
  0x01,0x71,0x50,0x51,0x51,0xE1,0x93,0x83,0xF0,0xEB,0x7E,0x57,0x27,0xC3,0x27,0x48,
  0x75,0x10,0x04,0x21,0x3E,0x3E,0xBE,0xEE,0xEC,0x8F,0x05,0xF9,0xF9,0x75,0x75,0x75,
  0xFE,0x73,0x80,0x26,0xCB,0xC3,0xC1,0x0D,0x8F,0x79,0xBB,0xE9,0x7E,0x48,0x57,0xDD,
  0xEE,0x3D,0x0C,0xAF,0x18,0x55,0x41,0x14,0x45,0xA3,0xD1,0xD8,0x70,0xB9,0x61,0xFA,
  0xB4,0x69,0xA8,0xCE,0xFE,0xAC,0xC9,0xE8,0x9B,0x82,0x7B,0x4D,0x6E,0x6C,0x6C,0xEC,
  0x36,0x0F,0xAE,0xD7,0xFD,0xB0,0x49,0x1F,0x7A,0x17,0x01,0xE0,0xE6,0xA0,0xAE,0xAE,
  0xEE,0x99,0xA7,0x9F,0xC6,0xFB,0x40,0xFE,0x38,0xC7,0x9E,0x79,0xB0,0xFE,0x3A,0x5B,
  0x14,0x11,0xBB,0x7F,0x4D,0xDF,0x22,0x20,0x45,0x75,0x10,0x45,0x31,0xDE,0x1C,0x7F,
  0xF8,0x6F,0x87,0x17,0x2F,0x5E,0x0C,0xEE,0xDB,0x6E,0x3E,0xE1,0x3D,0x0F,0x3C,0xB6,
  0x28,0x52,0x76,0xDF,0x1B,0xBD,0x8F,0x00,0x00,0x10,0x04,0x21,0x31,0x31,0x71,0x5D,
  0x79,0x79,0xF5,0xFE,0x6A,0xBC,0x02,0xE7,0xD7,0x50,0xAF,0x5B,0x0F,0x5A,0x5A,0x5A,
  0x22,0xA8,0xFB,0x88,0xDE,0x7A,0x3F,0x80,0x52,0xCA,0xF3,0xFC,0xDB,0x6F,0xBD,0x95,
  0x33,0x36,0x47,0xA3,0xD1,0xF8,0x19,0x25,0xF6,0xC4,0x2A,0x2A,0x2A,0x2A,0x04,0x97,
  0xEB,0xF6,0xFE,0xB7,0x7B,0xF6,0xBA,0xE1,0xD7,0x7D,0x44,0x6F,0x25,0x40,0x96,0x65,
  0x83,0xC1,0x50,0x5B,0x5B,0x5B,0xB1,0xBE,0xE2,0x85,0xDF,0xBD,0x80,0x49,0x70,0xFE,
  0x7C,0xD0,0x13,0xB3,0xDB,0xB4,0x79,0xB3,0x87,0xB3,0x88,0xE8,0x7E,0x57,0x7F,0x22,
  0xF5,0xC5,0xEA,0x21,0x49,0x92,0xD1,0x68,0xFC,0xA8,0xA2,0xC2,0x6E,0xB3,0x71,0x1C,
  0xE7,0x7F,0xA8,0x8A,0x65,0x59,0xCF,0x8C,0xA1,0xEE,0xB2,0x26,0x91,0x42,0xF8,0xBE,
  0x3B,0xE8,0xCE,0x35,0xA5,0x54,0xA7,0xD3,0x9D,0x3D,0x7B,0xF6,0xD3,0x4F,0xB7,0x01,
  0x40,0x40,0xC7,0x15,0x9E,0x40,0x6C,0x04,0x75,0x1F,0x11,0x26,0x02,0x30,0xBC,0xE3,
  0xA9,0xE6,0x12,0x2C,0xA5,0x93,0x65,0x59,0xAB,0xD5,0x6E,0xDB,0xB6,0x0D,0x00,0x58,
  0x2E,0xB0,0xC4,0xF1,0x88,0x8B,0x1E,0x11,0x0E,0x02,0x28,0xA5,0xFA,0x18,0xBD,0xD9,
  0x6C,0x36,0x1A,0x8D,0x00,0xD0,0xD2,0xDC,0x6C,0xB7,0xDB,0xFD,0x89,0x2D,0xFB,0x84,
  0x2C,0xCB,0x31,0x31,0x31,0xB5,0xB5,0x27,0x6A,0x6B,0x6B,0xC1,0x5D,0x3D,0xA3,0x77,
  0x21,0xE4,0x04,0xB0,0x2C,0x6B,0xB7,0xDB,0x17,0xBF,0xF6,0xDA,0xD1,0x6F,0x8F,0xED,
  0xAF,0xAE,0xAE,0xAA,0xAA,0x5A,0x53,0xB6,0xF6,0xC1,0x9C,0x07,0xDB,0xDA,0xDA,0x82,
  0x92,0x63,0xC3,0xB2,0x6C,0xBB,0xBD,0x7D,0xFF,0xE7,0xFB,0x21,0x4A,0xC0,0x2F,0x41,
  0xA6,0x34,0x2E,0x2E,0x8E,0xE7,0xF9,0xE4,0x94,0xE4,0x41,0x77,0x0C,0x7E,0x7C,0xEA,
  0xD4,0x6D,0xDB,0xB7,0xBF,0xBF,0x72,0x25,0x5E,0xDD,0x52,0xC9,0x01,0xE6,0x8C,0x1C,
  0x3E,0xFC,0x37,0x88,0xC4,0x36,0x4A,0x3D,0xC2,0xD1,0x63,0xE2,0xDE,0xAF,0xE2,0x39,
  0x30,0xFE,0xFB,0xC4,0x6F,0x9F,0xD8,0xB8,0x79,0x13,0x00,0xC8,0x92,0xAA,0xEB,0x86,
  0x94,0x52,0xAD,0x56,0xFB,0xC3,0x0F,0xFF,0x6C,0x6C,0x6C,0xF4,0x33,0x32,0xD1,0xA3,
  0x10,0x96,0x35,0xC0,0xFD,0x03,0xEE,0x77,0x38,0x8E,0x63,0x18,0xC6,0xE5,0x72,0xE5,
  0xE6,0xE6,0x2E,0x5D,0xB6,0xD4,0xD6,0x6E,0x57,0xA3,0xB9,0xB8,0x23,0x6B,0x6A,0x6A,
  0x3A,0x73,0xE6,0x0C,0x84,0x20,0x8D,0x2C,0xD4,0x88,0xD8,0x9C,0xD5,0x68,0x34,0x92,
  0x24,0xFD,0xF6,0xC9,0x27,0xC7,0x8F,0x1F,0x6F,0xB5,0x5A,0xD5,0x70,0x40,0x08,0x71,
  0x39,0x9D,0x67,0x4F,0x47,0x09,0x50,0x84,0x92,0xE7,0x4B,0x00,0x80,0x28,0xC9,0xF7,
  0xBA,0x06,0x67,0x7F,0xFC,0x31,0xD2,0x43,0xF1,0x8D,0xEB,0xF5,0x23,0x92,0xA1,0x08,
  0xD4,0xFA,0xFB,0xEF,0xBF,0x3F,0x3B,0x3B,0xFB,0xC2,0x85,0x0B,0x18,0xD2,0x51,0xDC,
  0xD4,0xCF,0x3F,0xFF,0xDC,0x6D,0xA8,0x98,0xFD,0xA2,0xB2,0x93,0x2E,0x97,0xAB,0x2B,
  0x45,0x4C,0x59,0x52,0xA0,0x57,0x7F,0x18,0x86,0xF1,0x14,0x96,0xF0,0xFC,0x3E,0x92,
  0x04,0x60,0x12,0x8A,0x4E,0xA7,0xBB,0x6B,0xD8,0xB0,0xD3,0xA7,0x4F,0xEB,0x74,0x3A,
  0xC5,0xB9,0x5F,0x0C,0xC3,0x58,0xAD,0x6D,0xD8,0x26,0x7A,0xB7,0xF5,0xF5,0xF5,0xBF,
  0x7B,0xFE,0x05,0xE5,0x1D,0x93,0x65,0x8D,0x4E,0xBB,0x65,0xF3,0xE6,0x8E,0x8E,0x8E,
  0xA2,0xA7,0x9E,0x02,0x7A,0x75,0xF3,0xAC,0xAC,0x41,0xBC,0x3C,0xF2,0xD1,0xC6,0x0D,
  0xA9,0xA9,0xA9,0xDE,0x1C,0x44,0x38,0x18,0x87,0x43,0x4A,0xCF,0x48,0x57,0xE3,0xC2,
  0xA3,0x72,0x59,0xAD,0x36,0xF0,0x3A,0x07,0x76,0xBA,0x9C,0x27,0x6A,0x6B,0xA9,0x2C,
  0x2B,0x10,0x1C,0xCA,0x4B,0xAB,0xD7,0xB5,0xB5,0xB5,0xA5,0xA7,0xA7,0x8F,0xBC,0xE7,
  0x9E,0xD5,0xAB,0x56,0xDF,0xD6,0xAF,0x9F,0x20,0x08,0x8A,0x1D,0x36,0x96,0x65,0x2D,
  0xCD,0xCD,0xD5,0xD5,0xD5,0x45,0x45,0x45,0xDE,0xA1,0xC3,0x08,0x13,0x80,0xE3,0x49,
  0x48,0x48,0x90,0xA9,0x72,0x67,0x14,0xF3,0xE6,0x6C,0x56,0xAB,0xF7,0xCD,0x5E,0x86,
  0x30,0x31,0x86,0x18,0x90,0x95,0xE8,0x6C,0xD7,0xD4,0xD4,0xEB,0x31,0x1D,0x6F,0xD1,
  0xA2,0x45,0x5F,0x54,0x1F,0x68,0x6A,0x6A,0x32,0x18,0x0C,0x6A,0x8C,0xA4,0x31,0x36,
  0x76,0xDF,0xBE,0x7D,0x45,0x45,0x45,0xDE,0x1E,0x47,0x84,0x17,0x61,0x1C,0x8F,0x46,
  0xA3,0x01,0xD5,0xCE,0x0B,0xD6,0x9E,0x02,0xAF,0x85,0x4E,0x56,0x0D,0xD4,0x09,0xB3,
  0xD9,0x3C,0xE7,0xF7,0x73,0xAC,0x56,0x2B,0xCE,0x0C,0x65,0x10,0x25,0x51,0xAF,0xD7,
  0x1F,0x3D,0xF2,0xCD,0x85,0xF3,0xE7,0xBD,0xF7,0x2B,0x91,0xF7,0x82,0x00,0x40,0xA5,
  0x1B,0xDA,0x45,0x80,0x9B,0xC2,0xA0,0xC7,0xD8,0x64,0x59,0x2E,0x7A,0xFA,0xE9,0x31,
  0x63,0xC6,0xD8,0x6C,0x36,0xE5,0xFD,0xA4,0xC0,0xF3,0xBC,0xC5,0x62,0x39,0x50,0x7D,
  0x00,0xBC,0xA2,0x26,0x11,0x26,0x00,0x55,0xEC,0xCA,0xE5,0x06,0x95,0x4B,0x1C,0xA5,
  0x54,0xC3,0xF3,0x1C,0x26,0xF0,0x06,0x3B,0xCC,0x89,0xAE,0xC1,0xFC,0x85,0x0B,0xD4,
  0xDF,0xFA,0xE3,0x38,0x6E,0xEF,0xDE,0xBD,0xE0,0x15,0x8B,0x8D,0x30,0x01,0xA8,0x50,
  0xA7,0x4E,0x9D,0xE2,0x79,0x5E,0xCD,0xF0,0x24,0x49,0x32,0x9B,0xCD,0x0C,0xCB,0x86,
  0x62,0x23,0x86,0xC7,0xCE,0x63,0xC7,0x8E,0x2D,0x28,0x28,0x68,0x6D,0x6D,0x55,0x5C,
  0x30,0x05,0x63,0xB7,0xC7,0x8E,0x1D,0xAB,0xAF,0xAF,0xEF,0x72,0x16,0x68,0x44,0x09,
  0x40,0x23,0x7B,0xF6,0xCC,0x99,0xFF,0xFB,0xEE,0x3B,0xBD,0x5E,0xAF,0xD8,0x11,0x42,
  0xD3,0x1C,0x1B,0x1B,0x0B,0x21,0xDB,0x09,0xA3,0xC2,0xCE,0x5F,0x30,0x3F,0x3E,0x3E,
  0x1E,0x4B,0xC5,0x29,0x6B,0x87,0xE7,0xF9,0xE6,0xE6,0xE6,0xCF,0x3F,0xFF,0x1C,0x87,
  0x0F,0x24,0xA2,0x04,0xE0,0xD4,0xDE,0xB2,0x75,0x6B,0x9B,0x0A,0xB5,0x42,0xC8,0xB2,
  0x6C,0x36,0x9B,0x21,0x64,0x04,0x30,0x0C,0x23,0x08,0x42,0x46,0x66,0xE6,0xCC,0x99,
  0x33,0xDB,0xDA,0xDA,0xD4,0x4C,0x02,0x9E,0xE7,0xD1,0x0A,0x71,0x1C,0xD7,0x6E,0xB7,
  0x47,0x8C,0x00,0x97,0xCB,0xC5,0xF3,0x7C,0xED,0xC9,0x93,0x9B,0x36,0x6C,0xC4,0x12,
  0x6C,0x8A,0x9B,0x22,0x00,0x94,0xD2,0xD4,0xB4,0x01,0x21,0xED,0x30,0x7A,0xEE,0x2F,
  0xCD,0x99,0x7D,0xC7,0x90,0x7F,0xE9,0xE8,0xEC,0x54,0xB6,0x1A,0xCB,0xB2,0xAC,0xD7,
  0xEB,0x6B,0x8F,0x9F,0xF8,0xF1,0xEC,0x59,0x00,0xA8,0xDC,0xBD,0x3B,0xAC,0x04,0x78,
  0x0A,0xAE,0x89,0xA2,0xA8,0xD1,0x68,0x1A,0x1A,0x1A,0x4A,0x66,0xCE,0xC4,0xBD,0xBE,
  0x7A,0xCD,0xCD,0xCC,0xCC,0x0C,0x69,0xE7,0xB1,0xF4,0x76,0x4C,0x4C,0xCC,0x2B,0xAF,
  0xBC,0xD2,0xA9,0x94,0x00,0x00,0xE0,0x38,0xAE,0xA5,0xA5,0xE5,0xEB,0xBF,0x7F,0x0D,
  0x00,0x7F,0xF9,0xE4,0x2F,0x61,0x22,0x00,0x8D,0x26,0x06,0x43,0x58,0x96,0xE5,0x38,
  0xAE,0xA6,0xA6,0xE6,0xD1,0x89,0x13,0xCF,0xD5,0x9F,0xC3,0x7A,0xEF,0x6A,0x1A,0x97,
  0x64,0x59,0x1F,0xA3,0x1F,0x34,0x68,0x10,0x84,0xF8,0xA4,0x17,0xB3,0x51,0x1F,0x7F,
  0xFC,0xF1,0x71,0xE3,0xC6,0x59,0xAD,0x56,0x35,0x66,0xF3,0xC8,0x91,0x23,0x17,0xCE,
  0x5F,0x38,0x76,0xF4,0x68,0x38,0x76,0xC2,0x04,0x00,0x33,0x99,0x3B,0x3B,0x3B,0x5B,
  0x5B,0x5B,0x4F,0x9C,0x38,0xB1,0x63,0xC7,0x8E,0x3D,0x7B,0xF6,0xB0,0x84,0x31,0x18,
  0x0C,0x2A,0xEF,0xFE,0x11,0x42,0x04,0x41,0xB8,0xED,0xB6,0xA4,0xAC,0xAC,0x2C,0x00,
  0x55,0x11,0x1B,0x7F,0x80,0x8D,0x2F,0x5C,0xB8,0x30,0x3F,0x2F,0x4F,0x99,0xDE,0xC8,
  0xB2,0xAC,0xD3,0xE9,0x4E,0x9E,0x3C,0xB9,0x71,0xC3,0x86,0xCE,0xCE,0xCE,0x90,0x13,
  0x80,0xFE,0xC9,0xB2,0x25,0x4B,0xCB,0xD6,0xAC,0xB5,0xB7,0xB7,0x37,0x37,0x5B,0x9A,
  0x2D,0xCD,0x14,0x68,0x9C,0x31,0x0E,0x77,0xFC,0x2A,0xDB,0x67,0x18,0xC6,0xE9,0x74,
  0xFE,0xEA,0x57,0x43,0x3C,0xA5,0x40,0x43,0x4A,0x00,0xCB,0xB2,0x92,0x24,0x8D,0xBA,
  0x77,0xD4,0xD4,0xE9,0xD3,0x36,0x6F,0xDA,0x94,0x98,0x90,0x18,0xE8,0x05,0x34,0x3C,
  0xC2,0x3B,0x77,0xEE,0xDC,0x96,0x2D,0x5B,0x62,0x63,0x63,0x43,0x4E,0x00,0x46,0xCA,
  0x1A,0x1A,0x1A,0x7E,0xFA,0xE9,0x27,0x96,0x61,0x58,0x8E,0x33,0x99,0x4C,0xE0,0xBE,
  0x76,0xA1,0xBE,0x7D,0x9C,0x01,0xF7,0xDF,0x7F,0x3F,0x78,0x5D,0x15,0x0E,0x29,0xD0,
  0xCA,0xCD,0x9B,0x37,0xEF,0xAF,0xFB,0xF6,0x75,0xB4,0x77,0xB0,0x8A,0x36,0x1F,0x58,
  0x40,0x9C,0x10,0x12,0xA6,0x35,0x80,0xE7,0xF9,0x98,0x98,0x18,0x8D,0x56,0x8B,0x1A,
  0xA4,0x5E,0xF1,0x3D,0xC0,0xFC,0xB8,0xDC,0xF1,0xE3,0x21,0x6C,0x77,0x5A,0x18,0x46,
  0x14,0xC5,0x94,0x94,0x94,0x17,0x5F,0x7C,0x51,0xCD,0x4A,0xD0,0xB5,0x2E,0x86,0xA1,
  0xC7,0xE0,0x55,0x1C,0x22,0xB8,0xF6,0x81,0x61,0x98,0x8E,0x8E,0x8E,0xBB,0xEF,0xBE,
  0x7B,0xE8,0xD0,0xA1,0xE1,0x4C,0x32,0x44,0xA1,0x97,0x94,0x94,0x0C,0x1F,0x3E,0xBC,
  0xBD,0xBD,0x5D,0xCD,0xF7,0xF6,0x88,0x60,0x9C,0xF2,0xDE,0x33,0x8C,0xD3,0xE5,0x9C,
  0xF2,0x1F,0x53,0x20,0xBC,0x49,0x41,0xB8,0x7A,0x71,0x3C,0x3F,0x6F,0xFE,0x7C,0x97,
  0xE0,0x52,0xE3,0x7A,0xF5,0x62,0x02,0x08,0x21,0x0E,0x87,0x23,0x2B,0x2B,0xBB,0x70,
  0xCA,0x14,0x08,0x7B,0x52,0x10,0x66,0xBA,0x4F,0x98,0x38,0xE1,0x37,0xBF,0x79,0x44,
  0xCD,0xDE,0xB8,0x17,0x13,0xC0,0xB2,0xAC,0xDD,0x66,0x7B,0xEE,0xB9,0xE7,0x8C,0x46,
  0xA3,0x9A,0xF8,0x8C,0x72,0x50,0x00,0x80,0x85,0x0B,0x17,0xAA,0x09,0x64,0xF5,0x56,
  0x02,0xD0,0xFA,0xDF,0x39,0x74,0x68,0x71,0x71,0x31,0x78,0xBD,0x29,0x36,0xAC,0x7D,
  0x60,0x19,0x51,0x14,0xEF,0x1C,0x7A,0x67,0x51,0x51,0x51,0x6B,0x6B,0xAB,0xB2,0xD2,
  0x96,0xBD,0x95,0x00,0x42,0x88,0xD3,0xE9,0x7C,0xFD,0xCD,0x37,0xB4,0x3A,0x2D,0xFA,
  0x73,0x11,0xE9,0x06,0x12,0xFF,0xF2,0x2B,0x2F,0x0F,0x48,0x4B,0x73,0x38,0x9D,0x0A,
  0xBA,0xD1,0x2B,0x09,0xC0,0x54,0xB8,0xE2,0x19,0xC5,0x0F,0x3F,0xFC,0x30,0x16,0xF1,
  0x88,0x54,0x4F,0x30,0x40,0x14,0x9F,0x90,0xF0,0x87,0xB9,0x7F,0xB0,0xD9,0x6D,0x0A,
  0x7A,0xD2,0xFB,0x08,0xE0,0x38,0xAE,0xA5,0xB5,0xE5,0x81,0x07,0x1F,0x78,0x67,0xC9,
  0x12,0x88,0x90,0xF1,0xF1,0x06,0x76,0xE0,0xD9,0x67,0x9F,0xBD,0x6F,0xF4,0x7D,0x76,
  0x5B,0xC0,0x69,0x96,0xBD,0x8C,0x00,0x8E,0xE3,0xAC,0x6D,0x6D,0x19,0x19,0x99,0x1B,
  0x37,0x6D,0x42,0x3F,0x24,0xE2,0xF7,0x2C,0x3C,0x01,0x95,0x05,0x0B,0x17,0xC8,0xB2,
  0x14,0x68,0x8A,0x5F,0x6F,0x22,0x80,0xE7,0xF9,0xB6,0xB6,0xB6,0x01,0x03,0x07,0x6E,
  0xDB,0xF6,0x29,0x56,0x01,0xEA,0x21,0xF9,0xE8,0xB8,0xBD,0x1F,0x37,0x6E,0x5C,0x5E,
  0x41,0x7E,0x6B,0x5B,0x60,0x87,0x4B,0x3D,0x62,0x00,0x3E,0x81,0x2F,0x89,0xBA,0x72,
  0xE5,0xCA,0x88,0x91,0x23,0x3F,0xDB,0xBB,0x67,0x60,0x7A,0x7A,0x48,0x0B,0x6A,0x2B,
  0xEB,0x21,0x00,0xCC,0x5F,0xB0,0x20,0xCE,0x14,0x27,0x89,0x01,0x38,0x05,0x3D,0x9D,
  0x00,0x14,0xBD,0xCB,0xE5,0xB2,0x58,0x2C,0x4F,0xFE,0xE7,0x93,0x95,0xBB,0x2B,0x93,
  0x93,0x92,0x7A,0x9A,0xF4,0xC1,0x1D,0x20,0xCA,0xCA,0xCA,0x9A,0x31,0x73,0x66,0x4B,
  0x6B,0x8B,0xFF,0x93,0xA0,0xE7,0x12,0x80,0x37,0x09,0x04,0x41,0x68,0x6C,0x6C,0x4C,
  0x49,0x49,0x59,0x57,0xB1,0x7E,0xD5,0xEA,0xD5,0x5A,0xAD,0xD6,0xFF,0x2B,0xC1,0x61,
  0x06,0x0A,0x7D,0xCE,0xEC,0xD9,0x77,0xDC,0x71,0x47,0x47,0x47,0x87,0x9F,0x93,0xA0,
  0x07,0x11,0xE0,0x79,0xD1,0x2E,0x06,0x78,0x6D,0x36,0x9B,0xA5,0xD9,0x92,0x94,0x9C,
  0xF4,0xFA,0x1B,0x6F,0x7C,0xF1,0xE5,0x17,0x85,0x85,0x85,0x18,0xC1,0x8E,0xB8,0xDB,
  0x73,0x93,0xFE,0x8B,0xA2,0x68,0x88,0x8D,0x9D,0x37,0x6F,0x9E,0xD3,0xE9,0xF4,0x73,
  0x7D,0x0A,0x93,0x2A,0xE1,0x61,0xE4,0x0D,0x3B,0x0D,0xEE,0x58,0xA9,0x24,0x49,0x2E,
  0x97,0xCB,0xE5,0x72,0x01,0x40,0x42,0x42,0x42,0x6E,0x6E,0x6E,0x7E,0x41,0xC1,0xA4,
  0xC7,0x26,0xE1,0xDD,0xCA,0x50,0xBC,0xC1,0x28,0x44,0xA8,0xAB,0xAB,0xF3,0xFF,0xE1,
  0xB0,0x1C,0x49,0x12,0xD2,0xD9,0xD9,0x29,0x08,0x02,0x01,0x42,0xDD,0x49,0xA0,0x28,
  0x74,0xFC,0x81,0xE5,0x58,0xAD,0x56,0x6B,0x32,0x99,0x87,0xA4,0x0D,0xB8,0xEB,0xAE,
  0xBB,0xC6,0x8C,0x19,0x33,0x7A,0xF4,0x7D,0x03,0xD3,0x07,0xE2,0x93,0xB8,0xD5,0xEA,
  0xF9,0xD2,0xC7,0xC4,0xB7,0xD3,0xFF,0x3C,0xBD,0x6A,0xD5,0x2A,0x7C,0xC5,0xB3,0x3F,
  0x9F,0x0A,0x39,0x01,0x78,0x62,0x35,0x62,0xC4,0x88,0xD4,0xD4,0x54,0x97,0x20,0xE0,
  0x75,0x79,0xBC,0xD8,0xD5,0x2F,0xB1,0x9F,0xC9,0x64,0x8A,0x33,0xC5,0x0D,0x48,0x4B,
  0x4B,0x4D,0x4D,0x1D,0x30,0x60,0x40,0x52,0x52,0xD2,0xD5,0xF1,0x50,0x19,0x2B,0x02,
  0xF5,0x4C,0x8B,0xFF,0x4B,0x58,0x56,0xBA,0xCC,0x6E,0xB7,0x9B,0xCD,0x66,0x3F,0x0F,
  0x9D,0x42,0x3E,0x36,0x96,0x65,0x5B,0x5A,0x5A,0x5E,0x9A,0x3D,0x7B,0xC2,0xC4,0x09,
  0x3E,0x1F,0xEE,0xFE,0xD2,0xAE,0x9E,0xAE,0xF4,0x57,0x81,0x8E,0xD9,0x81,0x03,0x07,
  0x76,0x57,0xEE,0xF6,0x5F,0xFA,0x10,0x06,0x02,0x28,0xA5,0x0C,0x21,0x0E,0x87,0x03,
  0x00,0x04,0x41,0xB8,0x6A,0x49,0xE8,0xD5,0x84,0x72,0xEF,0x02,0xEA,0xBD,0x4B,0xDF,
  0x3D,0xC0,0x6A,0x21,0xA5,0xCB,0x4A,0xB9,0x00,0x8F,0x88,0xC3,0x31,0x5A,0x0A,0xC0,
  0xB8,0xF3,0x82,0x7A,0xC8,0xDE,0x35,0xB8,0x40,0xF5,0xDF,0xF0,0xD1,0x47,0xDF,0x1C,
  0x39,0x12,0x68,0xA1,0xDE,0x3E,0x28,0x8E,0x30,0x03,0xD7,0x5E,0x8B,0xC5,0xB2,0xF2,
  0xFD,0x95,0x46,0xA3,0x31,0xD0,0x7C,0x83,0x28,0x01,0x6A,0x81,0xDE,0xCE,0xF2,0xE5,
  0xCB,0x2F,0x5C,0xB8,0xA0,0xD5,0x6A,0x03,0x7E,0x67,0x59,0xA4,0xFB,0xDF,0xBB,0x81,
  0xEA,0x7F,0xEA,0xD4,0xA9,0x2D,0x9B,0x37,0x9B,0xCD,0x66,0x05,0x95,0xDA,0xA3,0x04,
  0x04,0x01,0x4B,0x97,0x2E,0x75,0x74,0x3A,0x94,0x2D,0x6F,0x51,0x02,0x94,0x03,0xE3,
  0xE1,0x7B,0x3E,0xDB,0x53,0xB5,0xEF,0xAF,0x26,0x93,0x49,0x59,0xB6,0x59,0x94,0x00,
  0x85,0xA0,0x94,0x62,0xAC,0xB0,0xB4,0xB4,0x54,0xD5,0x1D,0xFF,0x48,0x0F,0xA4,0xB7,
  0x02,0xF5,0xBD,0xAC,0xAC,0xAC,0xF6,0x64,0x6D,0x4C,0xAC,0x41,0xBA,0xD5,0xD2,0x52,
  0x22,0x0B,0x5C,0x7B,0x2F,0x5F,0xBA,0xFC,0xE1,0xAA,0xD5,0x26,0x63,0x9C,0x2C,0x4A,
  0x8A,0xCF,0x45,0xA3,0x04,0x28,0x01,0xBA,0x9E,0xA5,0xA5,0xA5,0x0D,0x0D,0x0D,0x6A,
  0xEC,0x0F,0x44,0x09,0x50,0x00,0x3C,0x11,0x3A,0x7A,0xF4,0xE8,0x27,0x9F,0x7C,0x82,
  0x97,0x26,0x15,0x36,0x14,0xCE,0xEC,0xE8,0x3E,0x03,0x4F,0xA1,0x93,0x25,0xEF,0x2C,
  0x91,0xD5,0x25,0x84,0x75,0x95,0x0B,0x8F,0xF4,0x88,0x7A,0x19,0x24,0x49,0x62,0x18,
  0x66,0xFB,0xB6,0x6D,0x5F,0x1D,0x3C,0xA8,0x20,0xF0,0x80,0x20,0x40,0x64,0x4A,0xA7,
  0x4D,0x9B,0xAA,0xD5,0x6A,0xA3,0x04,0x04,0x00,0x74,0x3D,0xDB,0xDB,0xDB,0xFF,0xFC,
  0xEE,0x9F,0xF5,0x7A,0xBD,0x4C,0x95,0x78,0x3E,0x84,0x10,0x97,0xE0,0xBA,0xED,0xB6,
  0x7E,0x73,0xE7,0xCE,0x4D,0x4E,0x4E,0x8E,0x12,0x10,0x00,0x50,0xDF,0x3F,0x5C,0xB5,
  0xFA,0x87,0x1F,0x7E,0xD0,0xEB,0xF5,0x54,0x51,0x2D,0x1C,0x4C,0x2B,0x1E,0x37,0x76,
  0x5C,0x4A,0xFF,0xFE,0xA3,0x46,0x8D,0x8A,0x12,0xE0,0x1B,0x28,0x66,0x74,0x3D,0xCF,
  0xD5,0xD7,0x97,0x97,0x97,0x2B,0xDE,0xF7,0x02,0x00,0xA5,0x54,0xA3,0xD5,0x4C,0x9E,
  0x52,0x08,0x00,0x93,0xA7,0x14,0x46,0x09,0xF0,0x17,0xE8,0x6B,0x2E,0x5D,0xB2,0x14,
  0x33,0xD1,0x95,0xB9,0x9E,0xA8,0xFE,0xC3,0x86,0x0F,0xC7,0x5B,0x85,0x63,0xC6,0x8C,
  0x89,0x12,0xE0,0x1B,0xC4,0x9D,0x93,0x51,0x53,0x53,0xB3,0x73,0xD7,0x4E,0x35,0xEA,
  0xCF,0x30,0x8C,0xC3,0xE9,0x2C,0x2C,0x2C,0xC4,0x1C,0x16,0x96,0x65,0xA3,0x04,0xF8,
  0x86,0x27,0x19,0x69,0xC9,0x3B,0x4B,0xD4,0x94,0xD7,0x24,0x84,0xB8,0x5C,0xAE,0x94,
  0xE4,0xE4,0xFC,0xFC,0x7C,0x70,0x27,0x72,0x45,0x09,0xF0,0x0D,0xDC,0x6A,0x6D,0xD9,
  0xB2,0xE5,0xEB,0xAF,0xBF,0x36,0x1A,0x8D,0xCA,0x6F,0x23,0x31,0x8C,0xDD,0x6E,0x7F,
  0x64,0xE2,0x84,0xFE,0xFD,0xFB,0x7B,0x2E,0x95,0x44,0x09,0xF0,0x0D,0x7C,0xA1,0xFC,
  0xF2,0xE5,0xCB,0x63,0xD5,0x15,0x56,0xC0,0x37,0x4E,0x3C,0xF5,0xD4,0x53,0xD0,0x73,
  0x2A,0x66,0xF5,0x16,0xAC,0x58,0xB1,0xE2,0x5C,0x5D,0xBD,0x4E,0xA7,0x53,0x1C,0xF6,
  0x61,0x59,0xD6,0x6A,0xB5,0xE6,0xE6,0xE6,0x8E,0x1C,0x39,0xD2,0xFB,0x46,0x7F,0x94,
  0x80,0x5F,0x06,0xE9,0x8A,0x16,0x7C,0xF7,0xDD,0x77,0x9B,0x37,0x6D,0x52,0x76,0xE2,
  0x78,0x4D,0x7B,0x84,0x3C,0x57,0x5C,0x0C,0xD7,0x56,0x95,0x8A,0x12,0x70,0x03,0x50,
  0xC0,0x2A,0x50,0x5D,0x92,0x5A,0xB6,0x64,0x69,0xBB,0xCD,0xAE,0x26,0x37,0x12,0xAD,
  0xFF,0xE8,0xD1,0xA3,0x73,0xC7,0xE7,0x76,0xCB,0x2F,0xF6,0x9D,0x17,0x84,0xE5,0x7D,
  0x38,0xA5,0x6F,0x1C,0xC1,0x8F,0x47,0xE6,0x1D,0x69,0x2C,0x4B,0x89,0x5F,0xEF,0x17,
  0xEB,0x06,0x02,0x80,0x4B,0x64,0x62,0x42,0x62,0xCD,0x57,0x87,0xAA,0xAA,0xAA,0x12,
  0x12,0x13,0xD5,0x64,0x07,0xB3,0x2C,0x2B,0x08,0xC2,0x33,0xCF,0x3E,0x03,0xEE,0x60,
  0xEA,0xD5,0x4E,0xDE,0xE4,0x63,0xC8,0xBF,0xCD,0x66,0xB5,0x34,0x36,0xC9,0xEE,0x57,
  0xF0,0x04,0x0A,0x86,0xE3,0x2C,0x16,0x0B,0xE6,0x3C,0x43,0x18,0x6B,0xCB,0x4B,0x92,
  0x64,0x69,0x6E,0xA6,0xF8,0x76,0x08,0x2C,0xE4,0xED,0x37,0x08,0x21,0x82,0x28,0x19,
  0xE3,0x8C,0x3F,0x5D,0xBC,0x38,0x7F,0xDE,0x3C,0xBB,0xDD,0xEE,0x49,0x25,0x56,0x22,
  0x01,0xF7,0xE6,0x2B,0xBF,0xA0,0x00,0xAE,0xBB,0x55,0x78,0xB3,0xF2,0x46,0x18,0x7A,
  0xAD,0x39,0x54,0x73,0xAE,0xFE,0x9C,0x46,0xAB,0xF0,0xD8,0x81,0x10,0x22,0xB8,0x5C,
  0x39,0x39,0x39,0x69,0xE9,0x03,0xFD,0x7C,0xDF,0x9D,0x4A,0xE0,0xB7,0x58,0xAD,0xD6,
  0xAA,0xAA,0x2A,0x59,0x94,0x08,0x21,0x81,0xF6,0x9B,0x00,0x48,0xB2,0x1C,0x6B,0x30,
  0x0C,0x1B,0x36,0xAC,0xF6,0x64,0x2D,0xCF,0xF1,0x94,0x52,0xC5,0xE5,0x48,0x19,0x42,
  0x9C,0x4E,0x67,0xF6,0xE0,0x41,0x58,0x51,0xA4,0x9B,0x04,0x7C,0xD4,0x97,0x0A,0xA2,
  0xC8,0xC2,0x23,0xFD,0xF0,0x7F,0x97,0xFF,0xB8,0x61,0x39,0x23,0xDF,0x05,0xBE,0xBC,
  0xAB,0x28,0x2B,0x16,0x47,0x50,0x5E,0x5A,0x15,0xE8,0x97,0xAA,0xAF,0x9F,0xE2,0xA9,
  0xC5,0xAE,0x1E,0xBF,0xF4,0xBA,0xCA,0xD0,0x56,0x58,0x8B,0xC2,0x27,0xA2,0x6E,0x68,
  0x84,0x11,0x25,0x20,0xC2,0x88,0x12,0x10,0x61,0x44,0x09,0x88,0x30,0xFE,0x1F,0x24,
  0x38,0x7B,0xCF,0xE9,0xCD,0xDE,0xB1,0x00,0x00,0x00,0x00,0x49,0x45,0x4E,0x44,0xAE,
  0x42,0x60,0x82,
};
const size_t LOGO_ICON_PNG_LEN = 6931;
